group,variable,donated,received,value
Afghanistan,1964,0,25.431,-25.431
Afghanistan,1969,0,34.917,-34.917
Afghanistan,1970,0,71.0171,-71.0171
Afghanistan,1971,0,32.5079,-32.5079
Afghanistan,1972,0,1.7002,-1.7002
Afghanistan,1973,0,268.6615,-268.6615
Afghanistan,1974,0,174.5909,-174.5909
Afghanistan,1975,0,122.6721,-122.6721
Afghanistan,1976,0,362.8981,-362.8981
Afghanistan,1977,0,385.1916,-385.1916
Afghanistan,1978,0,303.9471,-303.9471
Afghanistan,1979,0,280.0581,-280.0581
Afghanistan,1980,0,1.8934,-1.8934
Afghanistan,1981,0,0.9095,-0.9095
Afghanistan,1982,0,0.7325,-0.7325
Afghanistan,1983,0,4.0922,-4.0922
Afghanistan,1984,0,3.4021,-3.4021
Afghanistan,1985,0,13.0043,-13.0043
Afghanistan,1986,0,43.0285,-43.0285
Afghanistan,1987,0,64.3841,-64.3841
Afghanistan,1988,0,108.7647,-108.7647
Afghanistan,1989,0,143.5867,-143.5867
Afghanistan,1990,0,138.1567,-138.1567
Afghanistan,1991,0,114.2123,-114.2123
Afghanistan,1992,0,125.216,-125.216
Afghanistan,1993,0,91.9684,-91.9684
Afghanistan,1994,0,68.7551,-68.7551
Afghanistan,1995,0,130.2722,-130.2722
Afghanistan,1996,0,138.9595,-138.9595
Afghanistan,1997,0,223.6546,-223.6546
Afghanistan,1998,0,195.075,-195.075
Afghanistan,1999,0,216.5315,-216.5315
Afghanistan,2000,0,236.8397,-236.8397
Afghanistan,2001,0,868.5859,-868.5859
Afghanistan,2002,0,4839.9453,-4839.9453
Afghanistan,2003,0,3486.7325,-3486.7325
Afghanistan,2004,0,3767.5969,-3767.5969
Afghanistan,2005,0,4394.5724,-4394.5724
Afghanistan,2006,0,4257.9326,-4257.9326
Afghanistan,2007,0,5111.9345,-5111.9345
Afghanistan,2008,0,6708.4204,-6708.4204
Afghanistan,2009,0,6679.7741,-6679.7741
Afghanistan,2010,0,8300.5954,-8300.5954
Afghanistan,2011,0,6606.9141,-6606.9141
Afghanistan,2012,0,6453.9374,-6453.9374
Afghanistan,2013,0,6654.7159,-6654.7159
Afghanistan,9999,0,10.2885,-10.2885
Argentina,1961,0,387.9171,-387.9171
Argentina,1962,0,730.1345,-730.1345
Argentina,1967,0,109.1591,-109.1591
Argentina,1968,0,935.4767,-935.4767
Argentina,1969,0,574.738,-574.738
Argentina,1970,0,507.3575,-507.3575
Argentina,1971,0,1369.7785,-1369.7785
Argentina,1972,0,887.7954,-887.7954
Argentina,1973,0,97.011,-97.011
Argentina,1974,0,395.7879,-395.7879
Argentina,1975,0,825.6983,-825.6983
Argentina,1976,0,1234.2621,-1234.2621
Argentina,1977,0,1822.149,-1822.149
Argentina,1978,0,1382.9365,-1382.9365
Argentina,1979,0,1644.0588,-1644.0588
Argentina,1980,0,1676.7693,-1676.7693
Argentina,1981,0,2173.4256,-2173.4256
Argentina,1982,0,2221.8682,-2221.8682
Argentina,1983,0,499.9582,-499.9582
Argentina,1984,0,4390.2051,-4390.2051
Argentina,1985,0,1134.6517,-1134.6517
Argentina,1986,0,2669.138,-2669.138
Argentina,1987,0,3732.4421,-3732.4421
Argentina,1988,0,4313.312,-4313.312
Argentina,1989,0,1879.4549,-1879.4549
Argentina,1990,0,1064.1906,-1064.1906
Argentina,1991,0,4077.1725,-4077.1725
Argentina,1992,0,7670.7442,-7670.7442
Argentina,1993,0,5447.7857,-5447.7857
Argentina,1994,0,4268.4516,-4268.4516
Argentina,1995,0,8360.7883,-8360.7883
Argentina,1996,0,7799.6522,-7799.6522
Argentina,1997,0,4742.8232,-4742.8232
Argentina,1998,0,15935.1671,-15935.1671
Argentina,1999,0,4162.139,-4162.139
Argentina,2000,0,4260.3437,-4260.3437
Argentina,2001,0,52056.1271,-52056.1271
Argentina,2002,0,495.8638,-495.8638
Argentina,2003,0,27038.7912,-27038.7912
Argentina,2004,0,2301.0406,-2301.0406
Argentina,2005,0,2315.5828,-2315.5828
Argentina,2006,0,4142.9984,-4142.9984
Argentina,2007,0,4500.4911,-4500.4911
Argentina,2008,0,2800.141,-2800.141
Argentina,2009,0,3788.6575,-3788.6575
Argentina,2010,0,4816.0971,-4816.0971
Argentina,2011,0,2368.0388,-2368.0388
Argentina,2012,0,190.814,-190.814
Argentina,2013,0,1323.1317,-1323.1317
Argentina,9999,0,2.909,-2.909
Australia,1950,0,811.0273,-811.0273
Australia,1952,0,405.5137,-405.5137
Australia,1954,0,437.9547,-437.9547
Australia,1955,0,442.0099,-442.0099
Australia,1956,0,480.1282,-480.1282
Australia,1962,0,768.5626,-768.5626
Australia,1973,271.6574,0,271.6574
Australia,1974,1874.1011,0,1874.1011
Australia,1975,938.3615,0,938.3615
Australia,1976,1256.9646,0,1256.9646
Australia,1977,1752.0802,0,1752.0802
Australia,1978,1604.2737,0,1604.2737
Australia,1979,1523.9727,0,1523.9727
Australia,1980,1418.5457,54.5023,1364.0434
Australia,1981,1352.5484,747.648,604.9004
Australia,1982,1198.4914,2.5995,1195.892
Australia,1983,1357.4441,0,1357.4441
Australia,1984,1175.2875,0,1175.2875
Australia,1985,1093.7378,0,1093.7378
Australia,1986,1034.646,1.8678,1032.7782
Australia,1987,964.8165,0,964.8165
Australia,1988,2162.2527,0.7658,2161.4868
Australia,1989,555.6463,0.5147,555.1316
Australia,1990,877.3538,0,877.3538
Australia,1991,1262.5821,0,1262.5821
Australia,1992,794.7926,193.5537,601.2389
Australia,1993,1733.8543,79.2623,1654.592
Australia,1994,1751.8686,321.2332,1430.6355
Australia,1995,627.5913,343.7595,283.8318
Australia,1996,3182.6941,0.167,3182.5271
Australia,1997,1617.7271,0,1617.7271
Australia,1998,1505.9824,133.637,1372.3453
Australia,1999,2169.2273,0,2169.2273
Australia,2000,2797.6336,0,2797.6336
Australia,2001,2091.4199,0,2091.4199
Australia,2002,1783.4318,696.8829,1086.5489
Australia,2003,2436.5975,0.2735,2436.3239
Australia,2004,2273.6863,0.6246,2273.0618
Australia,2005,2487.331,0.3462,2486.9848
Australia,2006,3768.3067,0,3768.3067
Australia,2007,2449.4023,0,2449.4023
Australia,2008,5356.1437,0,5356.1437
Australia,2009,3505.5311,0,3505.5311
Australia,2010,4355.1509,0,4355.1509
Australia,2011,4278.335,0,4278.335
Australia,2012,4669.557,0,4669.557
Australia,2013,4366.6209,0,4366.6209
Austria,1954,0,97.3233,-97.3233
Austria,1955,0,81.1027,-81.1027
Austria,1956,0,251.4185,-251.4185
Austria,1957,0,29.197,-29.197
Austria,1958,0,290.3478,-290.3478
Austria,1959,0,72.9925,-72.9925
Austria,1962,0,38.4281,-38.4281
Austria,1974,332.7414,0,332.7414
Austria,1976,28.2763,0,28.2763
Austria,1977,127.8275,0,127.8275
Austria,1978,107.4402,0,107.4402
Austria,1979,54.4145,0,54.4145
Austria,1980,237.0427,157.6322,79.4105
Austria,1981,621.9879,0.1639,621.824
Austria,1982,835.9703,58.5907,777.3796
Austria,1983,420.7022,0,420.7022
Austria,1984,140.1763,0,140.1763
Austria,1985,204.0765,0,204.0765
Austria,1986,159.9425,0,159.9425
Austria,1987,135.4406,0,135.4406
Austria,1988,442.3393,0,442.3393
Austria,1989,640.2962,0,640.2962
Austria,1990,137.4217,0,137.4217
Austria,1991,495.8493,0,495.8493
Austria,1992,123.1154,0,123.1154
Austria,1993,53.1297,132.5708,-79.441
Austria,1994,33.8272,0,33.8272
Austria,1995,64.1615,0,64.1615
Austria,1996,696.6119,0.0563,696.5556
Austria,1997,440.6037,0,440.6037
Austria,1998,667.5299,0,667.5299
Austria,1999,604.4039,0,604.4039
Austria,2000,656.204,0,656.204
Austria,2001,810.4644,171.6958,638.7686
Austria,2002,764.7191,249.8591,514.86
Austria,2003,496.3815,0.3419,496.0396
Austria,2004,546.8024,0.0015,546.8009
Austria,2005,1626.3469,0.1275,1626.2194
Austria,2006,1397.0346,0,1397.0346
Austria,2007,1496.4433,0,1496.4433
Austria,2008,1344.938,0,1344.938
Austria,2009,565.1448,0.07,565.0748
Austria,2010,713.8446,0,713.8446
Austria,2011,539.0063,0,539.0063
Austria,2012,748.8817,0,748.8817
Austria,2013,854.1991,0,854.1991
Bangladesh,1959,0,4.8662,-4.8662
Bangladesh,1961,0,19.1959,-19.1959
Bangladesh,1962,0,20.7512,-20.7512
Bangladesh,1963,0,225.2963,-225.2963
Bangladesh,1964,0,322.6099,-322.6099
Bangladesh,1965,0,66.9941,-66.9941
Bangladesh,1966,0,225.9588,-225.9588
Bangladesh,1967,0,94.1765,-94.1765
Bangladesh,1969,0,190.0016,-190.0016
Bangladesh,1970,0,217.8082,-217.8082
Bangladesh,1971,0,152.5045,-152.5045
Bangladesh,1972,0,272.8974,-272.8974
Bangladesh,1973,0,1625.176,-1625.176
Bangladesh,1974,0,2920.7583,-2920.7583
Bangladesh,1975,0,3914.9039,-3914.9039
Bangladesh,1976,0,2948.0387,-2948.0387
Bangladesh,1977,0,2377.6343,-2377.6343
Bangladesh,1978,0,3549.6135,-3549.6135
Bangladesh,1979,0,2786.5235,-2786.5235
Bangladesh,1980,0,4627.738,-4627.738
Bangladesh,1981,0,3886.4519,-3886.4519
Bangladesh,1982,0,3827.8725,-3827.8725
Bangladesh,1983,0,3187.1943,-3187.1943
Bangladesh,1984,0,4126.9366,-4126.9366
Bangladesh,1985,0,4127.3119,-4127.3119
Bangladesh,1986,0,3274.0399,-3274.0399
Bangladesh,1987,0,3211.94,-3211.94
Bangladesh,1988,0,2540.756,-2540.756
Bangladesh,1989,0,3540.4079,-3540.4079
Bangladesh,1990,0,3710.7909,-3710.7909
Bangladesh,1991,0,2420.7874,-2420.7874
Bangladesh,1992,0,2580.342,-2580.342
Bangladesh,1993,0,1724.1063,-1724.1063
Bangladesh,1994,0,2495.3005,-2495.3005
Bangladesh,1995,0,1965.9534,-1965.9534
Bangladesh,1996,0,2180.7001,-2180.7001
Bangladesh,1997,0,2933.9913,-2933.9913
Bangladesh,1998,0,3367.0028,-3367.0028
Bangladesh,1999,0,3469.7265,-3469.7265
Bangladesh,2000,0,2372.4869,-2372.4869
Bangladesh,2001,0,2421.7491,-2421.7491
Bangladesh,2002,0,2203.37,-2203.37
Bangladesh,2003,0,3768.5657,-3768.5657
Bangladesh,2004,0,3222.2551,-3222.2551
Bangladesh,2005,0,2774.812,-2774.812
Bangladesh,2006,0,3265.692,-3265.692
Bangladesh,2007,0,3471.2528,-3471.2528
Bangladesh,2008,0,3915.4839,-3915.4839
Bangladesh,2009,0,3451.1914,-3451.1914
Bangladesh,2010,0,4161.833,-4161.833
Bangladesh,2011,0,4819.5133,-4819.5133
Bangladesh,2012,0,2730.3806,-2730.3806
Bangladesh,2013,0,5312.7418,-5312.7418
Belgium,1949,0,129.7644,-129.7644
Belgium,1951,0,243.3082,-243.3082
Belgium,1954,0,162.2055,-162.2055
Belgium,1957,0,81.1027,-81.1027
Belgium,1973,216.8262,0,216.8262
Belgium,1974,282.6289,0,282.6289
Belgium,1975,230.6311,0,230.6311
Belgium,1976,220.4857,0,220.4857
Belgium,1977,231.4726,0,231.4726
Belgium,1978,183.4356,0,183.4356
Belgium,1979,231.2167,0,231.2167
Belgium,1980,276.4419,147.8685,128.5734
Belgium,1981,310.7153,36.4777,274.2376
Belgium,1982,299.6322,0,299.6322
Belgium,1983,326.5284,0,326.5284
Belgium,1984,142.9781,0,142.9781
Belgium,1985,135.9694,0,135.9694
Belgium,1986,147.2981,0,147.2981
Belgium,1987,12.638,0,12.638
Belgium,1988,123.0965,0,123.0965
Belgium,1989,813.5246,0,813.5246
Belgium,1990,808.091,0,808.091
Belgium,1991,600.1144,0,600.1144
Belgium,1992,1531.3709,0,1531.3709
Belgium,1993,230.9449,0,230.9449
Belgium,1994,550.8693,0,550.8693
Belgium,1995,1217.0027,0,1217.0027
Belgium,1996,1090.3072,0.5567,1089.7505
Belgium,1997,1124.8716,0,1124.8716
Belgium,1998,1031.0958,0,1031.0958
Belgium,1999,780.2172,0,780.2172
Belgium,2000,1157.9086,0,1157.9086
Belgium,2001,1060.4356,0,1060.4356
Belgium,2002,1921.0801,0,1921.0801
Belgium,2003,2251.9872,0,2251.9872
Belgium,2004,1683.6434,0,1683.6434
Belgium,2005,2572.5716,0,2572.5716
Belgium,2006,1920.3765,0,1920.3765
Belgium,2007,1768.1777,0,1768.1777
Belgium,2008,1849.6092,0,1849.6092
Belgium,2009,2146.6037,0,2146.6037
Belgium,2010,2247.2859,0,2247.2859
Belgium,2011,1929.4088,0,1929.4088
Belgium,2012,1420.704,0,1420.704
Belgium,2013,1589.0063,0,1589.0063
Brazil,1949,0,608.2705,-608.2705
Brazil,1950,0,121.6541,-121.6541
Brazil,1951,0,121.6541,-121.6541
Brazil,1952,0,304.1352,-304.1352
Brazil,1953,0,266.017,-266.017
Brazil,1954,0,152.4731,-152.4731
Brazil,1958,0,700.7276,-700.7276
Brazil,1959,0,94.0792,-94.0792
Brazil,1965,0,566.5991,-566.5991
Brazil,1966,0,1049.7961,-1049.7961
Brazil,1967,0,285.3832,-285.3832
Brazil,1968,0,661.662,-661.662
Brazil,1970,0,2339.0189,-2339.0189
Brazil,1971,0,2437.3793,-2437.3793
Brazil,1972,0,3612.7256,-3612.7256
Brazil,1973,0,2645.5325,-2645.5325
Brazil,1974,0,1758.465,-1758.465
Brazil,1975,0,3315.1504,-3315.1504
Brazil,1976,0,3083.801,-3083.801
Brazil,1977,0,2631.7351,-2631.7351
Brazil,1978,0,3147.9019,-3147.9019
Brazil,1979,0,2935.8456,-2935.8456
Brazil,1980,0,4028.6338,-4028.6338
Brazil,1981,0,5118.0083,-5118.0083
Brazil,1982,0,4986.1752,-4986.1752
Brazil,1983,0,17601.4673,-17601.4673
Brazil,1984,0,2729.5449,-2729.5449
Brazil,1985,0,6783.5963,-6783.5963
Brazil,1986,0,5754.5124,-5754.5124
Brazil,1987,0,3717.2647,-3717.2647
Brazil,1988,0,4577.5885,-4577.5885
Brazil,1989,0,3620.9474,-3620.9474
Brazil,1990,0,4021.2226,-4021.2226
Brazil,1991,0,3594.5432,-3594.5432
Brazil,1992,0,5262.1087,-5262.1087
Brazil,1993,0,4078.3955,-4078.3955
Brazil,1994,0,5989.9651,-5989.9651
Brazil,1995,0,6025.899,-6025.899
Brazil,1996,0,6557.5479,-6557.5479
Brazil,1997,0,9382.8386,-9382.8386
Brazil,1998,6.3564,22380.9898,-22374.6333
Brazil,1999,0,11834.2218,-11834.2218
Brazil,2000,0,5265.0496,-5265.0496
Brazil,2001,0.099,33798.3852,-33798.2862
Brazil,2002,0,63232.6103,-63232.6103
Brazil,2003,0,3497.8302,-3497.8302
Brazil,2004,2.7177,6355.8296,-6353.1119
Brazil,2005,3.3955,4647.5248,-4644.1293
Brazil,2006,3.2824,4356.6622,-4353.3798
Brazil,2007,7.1461,5408.8323,-5401.6862
Brazil,2008,15.8903,9992.1153,-9976.225
Brazil,2009,6.1162,5518.568,-5512.4518
Brazil,2010,160.3474,8433.0929,-8272.7456
Brazil,2011,0,3073.4259,-3073.4259
Brazil,2012,0,7454.1947,-7454.1947
Brazil,2013,0,7073.0202,-7073.0202
Brazil,9999,0,4.2273,-4.2273
Canada,1973,2682.412,0,2682.412
Canada,1974,1469.4322,0,1469.4322
Canada,1975,1880.3046,0,1880.3046
Canada,1976,1367.8373,0,1367.8373
Canada,1977,1798.4063,0,1798.4063
Canada,1978,3400.3644,0,3400.3644
Canada,1979,1441.3216,0,1441.3216
Canada,1980,771.7995,531.6749,240.1247
Canada,1981,2090.0752,2540.4058,-450.3306
Canada,1982,1145.1131,170.1748,974.9383
Canada,1983,1749.1866,0,1749.1866
Canada,1984,3463.0414,153.0229,3310.0185
Canada,1985,2234.5478,0,2234.5478
Canada,1986,2888.1899,0,2888.1899
Canada,1987,2924.8678,0,2924.8678
Canada,1988,2774.8746,0,2774.8746
Canada,1989,2424.2054,1.9617,2422.2437
Canada,1990,3144.3639,0,3144.3639
Canada,1991,1606.5745,0,1606.5745
Canada,1992,1907.4316,0,1907.4316
Canada,1993,1937.7746,83.9254,1853.8491
Canada,1994,2194.7196,0.5894,2194.1301
Canada,1995,2727.497,0,2727.497
Canada,1996,2500.6849,0,2500.6849
Canada,1997,1912.1209,0.9204,1911.2005
Canada,1998,2565.0544,0.3527,2564.7017
Canada,1999,2206.6231,0.2866,2206.3365
Canada,2000,2709.9226,0.7518,2709.1708
Canada,2001,2289.7683,0,2289.7683
Canada,2002,3377.6815,587.9015,2789.78
Canada,2003,2877.2661,0,2877.2661
Canada,2004,3663.6451,1.0555,3662.5896
Canada,2005,3741.6328,0.7021,3740.9307
Canada,2006,3142.0723,0,3142.0723
Canada,2007,3923.8259,0,3923.8259
Canada,2008,4195.6824,0.0555,4195.6269
Canada,2009,4641.2391,0,4641.2391
Canada,2010,4199.0541,0,4199.0541
Canada,2011,4285.441,0,4285.441
Canada,2012,3366.6008,0,3366.6008
Canada,2013,3392.6838,0,3392.6838
China,1976,0,113.2059,-113.2059
China,1978,0,93.8882,-93.8882
China,1979,0,0.4398,-0.4398
China,1980,0,1365.7021,-1365.7021
China,1981,0,1734.6282,-1734.6282
China,1982,0,3020.2165,-3020.2165
China,1983,0,3094.8513,-3094.8513
China,1984,0,3953.7308,-3953.7308
China,1985,0,4658.4848,-4658.4848
China,1986,0,5440.322,-5440.322
China,1987,0,5373.3512,-5373.3512
China,1988,0,8157.965,-8157.965
China,1989,0,5766.3908,-5766.3908
China,1990,0,3030.082,-3030.082
China,1991,0,8759.8886,-8759.8886
China,1992,0,8451.1005,-8451.1005
China,1993,0,9884.4288,-9884.4288
China,1994,0,10487.7596,-10487.7596
China,1995,0,12036.9178,-12036.9178
China,1996,0,15923.4406,-15923.4406
China,1997,0,10645.8951,-10645.8951
China,1998,0,12499.536,-12499.536
China,1999,0,9513.5852,-9513.5852
China,2000,0,8095.0889,-8095.0889
China,2001,0,7664.8143,-7664.8143
China,2002,0,6457.5367,-6457.5367
China,2003,0,7080.5125,-7080.5125
China,2004,0,6314.5725,-6314.5725
China,2005,0,8364.6719,-8364.6719
China,2006,0,7814.7221,-7814.7221
China,2007,0,7625.7371,-7625.7371
China,2008,0,7220.1372,-7220.1372
China,2009,0,8451.8352,-8451.8352
China,2010,0,6215.5316,-6215.5316
China,2011,0,4251.4761,-4251.4761
China,2012,0,3144.0722,-3144.0722
China,2013,0,8265.1516,-8265.1516
Colombia,1949,0,40.5514,-40.5514
Colombia,1950,0,49.4727,-49.4727
Colombia,1951,0,153.2842,-153.2842
Colombia,1952,0,202.7568,-202.7568
Colombia,1953,0,116.7879,-116.7879
Colombia,1954,0,40.5514,-40.5514
Colombia,1955,0,165.4496,-165.4496
Colombia,1956,0,133.8195,-133.8195
Colombia,1958,0,22.7088,-22.7088
Colombia,1959,0,134.6305,-134.6305
Colombia,1960,0,389.2931,-389.2931
Colombia,1961,0,487.8958,-487.8958
Colombia,1962,0,384.2813,-384.2813
Colombia,1963,0,548.7416,-548.7416
Colombia,1964,0,326.9694,-326.9694
Colombia,1966,0,292.6237,-292.6237
Colombia,1967,0,178.3645,-178.3645
Colombia,1968,0,721.0682,-721.0682
Colombia,1969,0,407.7259,-407.7259
Colombia,1970,0,888.2472,-888.2472
Colombia,1971,0,1425.1655,-1425.1655
Colombia,1972,0,807.7764,-807.7764
Colombia,1973,0,1890.9856,-1890.9856
Colombia,1974,0,238.99,-238.99
Colombia,1975,0,788.2719,-788.2719
Colombia,1976,0,1294.0094,-1294.0094
Colombia,1977,0,1125.7257,-1125.7257
Colombia,1978,0,2139.472,-2139.472
Colombia,1979,0,1240.6176,-1240.6176
Colombia,1980,0,1843.0957,-1843.0957
Colombia,1981,0,2241.9721,-2241.9721
Colombia,1982,0,2564.1308,-2564.1308
Colombia,1983,0,1464.3172,-1464.3172
Colombia,1984,0,3349.0601,-3349.0601
Colombia,1985,0,3917.508,-3917.508
Colombia,1986,0,1477.3358,-1477.3358
Colombia,1987,0,2096.3229,-2096.3229
Colombia,1988,0,1272.7178,-1272.7178
Colombia,1989,0,776.8491,-776.8491
Colombia,1990,0,2438.6784,-2438.6784
Colombia,1991,0,1442.8075,-1442.8075
Colombia,1992,0,2103.0716,-2103.0716
Colombia,1993,0,2590.8031,-2590.8031
Colombia,1994,0,477.7017,-477.7017
Colombia,1995,0,2204.1542,-2204.1542
Colombia,1996,0,1688.5884,-1688.5884
Colombia,1997,0,661.4574,-661.4574
Colombia,1998,0,1486.692,-1486.692
Colombia,1999,0,5714.67,-5714.67
Colombia,2000,0,2931.0325,-2931.0325
Colombia,2001,0,4920.5073,-4920.5073
Colombia,2002,0,3507.2029,-3507.2029
Colombia,2003,0,8721.7115,-8721.7115
Colombia,2004,0,2696.423,-2696.423
Colombia,2005,0,4862.1616,-4862.1616
Colombia,2006,0.0017,4545.6122,-4545.6105
Colombia,2007,0.3414,4341.1306,-4340.7892
Colombia,2008,0.2611,6209.375,-6209.114
Colombia,2009,0,9722.7103,-9722.7103
Colombia,2010,10.3353,5705.9573,-5695.622
Colombia,2011,0,3990.9294,-3990.9294
Colombia,2012,0,1711.1887,-1711.1887
Colombia,2013,0,2852.2127,-2852.2127
"Congo, Democratic Republic of",1951,0,324.4109,-324.4109
"Congo, Democratic Republic of",1957,0,324.4109,-324.4109
"Congo, Democratic Republic of",1960,0,324.4109,-324.4109
"Congo, Democratic Republic of",1969,0,40.5697,-40.5697
"Congo, Democratic Republic of",1970,0,32.3158,-32.3158
"Congo, Democratic Republic of",1971,0,143.3542,-143.3542
"Congo, Democratic Republic of",1972,0,103.701,-103.701
"Congo, Democratic Republic of",1973,0,573.2918,-573.2918
"Congo, Democratic Republic of",1974,0,945.2944,-945.2944
"Congo, Democratic Republic of",1975,0,827.1082,-827.1082
"Congo, Democratic Republic of",1976,0,670.8633,-670.8633
"Congo, Democratic Republic of",1977,0,464.4082,-464.4082
"Congo, Democratic Republic of",1978,0,656.1373,-656.1373
"Congo, Democratic Republic of",1979,0,477.5824,-477.5824
"Congo, Democratic Republic of",1980,0,936.8994,-936.8994
"Congo, Democratic Republic of",1981,0,509.0425,-509.0425
"Congo, Democratic Republic of",1982,0,769.4263,-769.4263
"Congo, Democratic Republic of",1983,0,1445.4005,-1445.4005
"Congo, Democratic Republic of",1984,0,876.761,-876.761
"Congo, Democratic Republic of",1985,0,1289.3443,-1289.3443
"Congo, Democratic Republic of",1986,0,1601.2188,-1601.2188
"Congo, Democratic Republic of",1987,0,1596.7708,-1596.7708
"Congo, Democratic Republic of",1988,0,1053.654,-1053.654
"Congo, Democratic Republic of",1989,0,1903.0859,-1903.0859
"Congo, Democratic Republic of",1990,0,1067.232,-1067.232
"Congo, Democratic Republic of",1991,0,759.0519,-759.0519
"Congo, Democratic Republic of",1992,0,16.9476,-16.9476
"Congo, Democratic Republic of",1993,0,45.5934,-45.5934
"Congo, Democratic Republic of",1994,0,345.1095,-345.1095
"Congo, Democratic Republic of",1995,0,487.6558,-487.6558
"Congo, Democratic Republic of",1996,0,185.1295,-185.1295
"Congo, Democratic Republic of",1997,0,178.1085,-178.1085
"Congo, Democratic Republic of",1998,0,141.5964,-141.5964
"Congo, Democratic Republic of",1999,0,149.4047,-149.4047
"Congo, Democratic Republic of",2000,0,294.5042,-294.5042
"Congo, Democratic Republic of",2001,0,520.5059,-520.5059
"Congo, Democratic Republic of",2002,0,3535.9271,-3535.9271
"Congo, Democratic Republic of",2003,0,7920.852,-7920.852
"Congo, Democratic Republic of",2004,0,3834.0488,-3834.0488
"Congo, Democratic Republic of",2005,0,2590.7697,-2590.7697
"Congo, Democratic Republic of",2006,0,2385.586,-2385.586
"Congo, Democratic Republic of",2007,0,1887.3427,-1887.3427
"Congo, Democratic Republic of",2008,0,2044.458,-2044.458
"Congo, Democratic Republic of",2009,0,3030.5897,-3030.5897
"Congo, Democratic Republic of",2010,0,3719.8511,-3719.8511
"Congo, Democratic Republic of",2011,0,4889.2536,-4889.2536
"Congo, Democratic Republic of",2012,0,2836.4321,-2836.4321
"Congo, Democratic Republic of",2013,0,2165.8688,-2165.8688
"Congo, Republic of",1967,0,214.0374,-214.0374
"Congo, Republic of",1969,0,4.057,-4.057
"Congo, Republic of",1970,0,9.6947,-9.6947
"Congo, Republic of",1971,0,45.7513,-45.7513
"Congo, Republic of",1972,0,55.1845,-55.1845
"Congo, Republic of",1973,0,67.8173,-67.8173
"Congo, Republic of",1974,0,89.2382,-89.2382
"Congo, Republic of",1975,0,56.245,-56.245
"Congo, Republic of",1976,0,498.3648,-498.3648
"Congo, Republic of",1977,0,60.783,-60.783
"Congo, Republic of",1978,0,84.3456,-84.3456
"Congo, Republic of",1979,0,90.557,-90.557
"Congo, Republic of",1980,0,349.4937,-349.4937
"Congo, Republic of",1981,0,196.2528,-196.2528
"Congo, Republic of",1982,0,183.2663,-183.2663
"Congo, Republic of",1983,0,284.7726,-284.7726
"Congo, Republic of",1984,0,117.0591,-117.0591
"Congo, Republic of",1985,0,153.1967,-153.1967
"Congo, Republic of",1986,0,319.1092,-319.1092
"Congo, Republic of",1987,0,436.3057,-436.3057
"Congo, Republic of",1988,0,130.9109,-130.9109
"Congo, Republic of",1989,0,174.1986,-174.1986
"Congo, Republic of",1990,0,369.9536,-369.9536
"Congo, Republic of",1991,0,65.6399,-65.6399
"Congo, Republic of",1992,0,264.0901,-264.0901
"Congo, Republic of",1993,0,40.688,-40.688
"Congo, Republic of",1994,0,348.2438,-348.2438
"Congo, Republic of",1995,0,225.3164,-225.3164
"Congo, Republic of",1996,0,373.0269,-373.0269
"Congo, Republic of",1997,0,235.0059,-235.0059
"Congo, Republic of",1998,0,66.6319,-66.6319
"Congo, Republic of",1999,0,348.2048,-348.2048
"Congo, Republic of",2000,0,81.2921,-81.2921
"Congo, Republic of",2001,0,162.3395,-162.3395
"Congo, Republic of",2002,0,233.3709,-233.3709
"Congo, Republic of",2003,0,128.4915,-128.4915
"Congo, Republic of",2004,0,382.0562,-382.0562
"Congo, Republic of",2005,0,2348.4432,-2348.4432
"Congo, Republic of",2006,0,538.6693,-538.6693
"Congo, Republic of",2007,0,178.5644,-178.5644
"Congo, Republic of",2008,0,522.9656,-522.9656
"Congo, Republic of",2009,0,359.252,-359.252
"Congo, Republic of",2010,0,1501.5666,-1501.5666
"Congo, Republic of",2011,0,267.0817,-267.0817
"Congo, Republic of",2012,0,188.2062,-188.2062
"Congo, Republic of",2013,0,117.3318,-117.3318
Denmark,1947,0,324.4109,-324.4109
Denmark,1959,0,162.2055,-162.2055
Denmark,1963,0,185.8881,-185.8881
Denmark,1973,201.8609,0,201.8609
Denmark,1974,326.5845,0,326.5845
Denmark,1975,273.8192,0,273.8192
Denmark,1976,314.0163,0,314.0163
Denmark,1977,420.1317,0,420.1317
Denmark,1978,519.1362,0,519.1362
Denmark,1979,539.4368,0,539.4368
Denmark,1980,572.1899,104.2889,467.901
Denmark,1981,551.6952,0,551.6952
Denmark,1982,911.3403,0,911.3403
Denmark,1983,708.5644,0,708.5644
Denmark,1984,885.873,62.0217,823.8514
Denmark,1985,1081.1017,0,1081.1017
Denmark,1986,1137.9415,0,1137.9415
Denmark,1987,851.8714,0,851.8714
Denmark,1988,1058.9593,0,1058.9593
Denmark,1989,1128.6904,0,1128.6904
Denmark,1990,726.6648,0,726.6648
Denmark,1991,747.6282,0,747.6282
Denmark,1992,948.2851,0,948.2851
Denmark,1993,1127.4883,0,1127.4883
Denmark,1994,859.2007,0,859.2007
Denmark,1995,1320.2856,0,1320.2856
Denmark,1996,2172.5575,0,2172.5575
Denmark,1997,1358.8107,0,1358.8107
Denmark,1998,684.7964,0,684.7964
Denmark,1999,1107.9417,0,1107.9417
Denmark,2000,1826.5795,0,1826.5795
Denmark,2001,1816.5731,0,1816.5731
Denmark,2002,1575.4337,0,1575.4337
Denmark,2003,1006.232,0,1006.232
Denmark,2004,2232.9097,0,2232.9097
Denmark,2005,1980.9369,0.4252,1980.5118
Denmark,2006,1708.3347,0,1708.3347
Denmark,2007,1653.4434,0,1653.4434
Denmark,2008,1614.6861,0,1614.6861
Denmark,2009,2028.5164,0,2028.5164
Denmark,2010,1827.5618,0,1827.5618
Denmark,2011,2315.7916,0,2315.7916
Denmark,2012,2042.6447,0,2042.6447
Denmark,2013,2084.0878,0,2084.0878
Egypt,1959,0,458.2304,-458.2304
Egypt,1964,0,199.3786,-199.3786
Egypt,1968,0,66.9173,-66.9173
Egypt,1970,0,168.042,-168.042
Egypt,1971,0,183.0053,-183.0053
Egypt,1972,0,1.0916,-1.0916
Egypt,1973,0,918.0783,-918.0783
Egypt,1974,0,2181.9101,-2181.9101
Egypt,1975,0,4370.7931,-4370.7931
Egypt,1976,0,4043.0366,-4043.0366
Egypt,1977,0,5534.8218,-5534.8218
Egypt,1978,0,3835.1355,-3835.1355
Egypt,1979,0,3198.5978,-3198.5978
Egypt,1980,0,5226.7144,-5226.7144
Egypt,1981,0,4784.1878,-4784.1878
Egypt,1982,0,4678.7986,-4678.7986
Egypt,1983,0,4449.4466,-4449.4466
Egypt,1984,0,5746.4906,-5746.4906
Egypt,1985,0,4797.5427,-4797.5427
Egypt,1986,0,3954.0372,-3954.0372
Egypt,1987,0,2592.6946,-2592.6946
Egypt,1988,0,4260.7574,-4260.7574
Egypt,1989,0,3778.1727,-3778.1727
Egypt,1990,0,4025.0908,-4025.0908
Egypt,1991,0,13464.3222,-13464.3222
Egypt,1992,0,5777.8412,-5777.8412
Egypt,1993,0,5692.3511,-5692.3511
Egypt,1994,0,3434.9635,-3434.9635
Egypt,1995,0,2706.4661,-2706.4661
Egypt,1996,0,3421.8687,-3421.8687
Egypt,1997,0,2760.4935,-2760.4935
Egypt,1998,0,3735.1129,-3735.1129
Egypt,1999,0,2879.3783,-2879.3783
Egypt,2000,0,2258.6183,-2258.6183
Egypt,2001,0,3313.1805,-3313.1805
Egypt,2002,0,3337.0769,-3337.0769
Egypt,2003,0,2715.7323,-2715.7323
Egypt,2004,0,2565.5737,-2565.5737
Egypt,2005,0,2546.9666,-2546.9666
Egypt,2006,0,5162.5079,-5162.5079
Egypt,2007,0,3180.003,-3180.003
Egypt,2008,0,3391.3206,-3391.3206
Egypt,2009,0,2889.8986,-2889.8986
Egypt,2010,0,5944.6885,-5944.6885
Egypt,2011,0,1969.8495,-1969.8495
Egypt,2012,0,3402.7114,-3402.7114
Egypt,2013,0,8664.1249,-8664.1249
Ethiopia,1950,0,56.7719,-56.7719
Ethiopia,1951,0,12.1654,-12.1654
Ethiopia,1957,0,121.6541,-121.6541
Ethiopia,1961,0,15.9966,-15.9966
Ethiopia,1962,0,22.2883,-22.2883
Ethiopia,1963,0,100.3796,-100.3796
Ethiopia,1964,0,170.7507,-170.7507
Ethiopia,1965,0,34.2098,-34.2098
Ethiopia,1966,0,50.5249,-50.5249
Ethiopia,1968,0,144.7599,-144.7599
Ethiopia,1969,0,210.2865,-210.2865
Ethiopia,1970,0,20.0358,-20.0358
Ethiopia,1971,0,84.7925,-84.7925
Ethiopia,1972,0,246.1535,-246.1535
Ethiopia,1973,0,625.5371,-625.5371
Ethiopia,1974,0,471.9608,-471.9608
Ethiopia,1975,0,690.2569,-690.2569
Ethiopia,1976,0,121.5708,-121.5708
Ethiopia,1977,0,541.4877,-541.4877
Ethiopia,1978,0,242.8591,-242.8591
Ethiopia,1979,0,198.8153,-198.8153
Ethiopia,1980,0,362.1667,-362.1667
Ethiopia,1981,0,511.6272,-511.6272
Ethiopia,1982,0,673.0578,-673.0578
Ethiopia,1983,0,864.4384,-864.4384
Ethiopia,1984,0,1555.2331,-1555.2331
Ethiopia,1985,0,1052.2936,-1052.2936
Ethiopia,1986,0,1018.8561,-1018.8561
Ethiopia,1987,0,1065.1153,-1065.1153
Ethiopia,1988,0,1742.4337,-1742.4337
Ethiopia,1989,0,1472.6222,-1472.6222
Ethiopia,1990,0,857.0852,-857.0852
Ethiopia,1991,0,461.6052,-461.6052
Ethiopia,1992,0,1635.7828,-1635.7828
Ethiopia,1993,0,1102.3049,-1102.3049
Ethiopia,1994,0,801.9457,-801.9457
Ethiopia,1995,0,1050.0968,-1050.0968
Ethiopia,1996,0,1027.8346,-1027.8346
Ethiopia,1997,0,1035.1455,-1035.1455
Ethiopia,1998,0,2248.558,-2248.558
Ethiopia,1999,0,678.1712,-678.1712
Ethiopia,2000,0,1590.3083,-1590.3083
Ethiopia,2001,0,1877.0587,-1877.0587
Ethiopia,2002,0,2355.3453,-2355.3453
Ethiopia,2003,0,2385.7948,-2385.7948
Ethiopia,2004,0,3240.341,-3240.341
Ethiopia,2005,0,2804.6375,-2804.6375
Ethiopia,2006,0,2899.1742,-2899.1742
Ethiopia,2007,0,2996.5132,-2996.5132
Ethiopia,2008,0,3957.8246,-3957.8246
Ethiopia,2009,0,4338.2181,-4338.2181
Ethiopia,2010,0,3325.1358,-3325.1358
Ethiopia,2011,0,2612.4275,-2612.4275
Ethiopia,2012,0,4947.1943,-4947.1943
Ethiopia,2013,0,3161.1485,-3161.1485
Ethiopia,9999,0,7.5914,-7.5914
Finland,1949,0,120.032,-120.032
Finland,1952,0,190.5914,-190.5914
Finland,1955,0,97.3233,-97.3233
Finland,1956,0,121.6541,-121.6541
Finland,1959,0,300.0801,-300.0801
Finland,1961,0,199.9573,-199.9573
Finland,1962,0,192.1406,-192.1406
Finland,1963,0,52.0487,-52.0487
Finland,1964,0,207.0806,-207.0806
Finland,1965,0,99.7785,-99.7785
Finland,1966,0,140.3471,-140.3471
Finland,1969,0,148.7557,-148.7557
Finland,1970,0,129.2631,-129.2631
Finland,1971,0,79.3023,-79.3023
Finland,1972,0,109.159,-109.159
Finland,1974,83.6276,0,83.6276
Finland,1975,84.3135,78.4484,5.865
Finland,1976,60.6516,0,60.6516
Finland,1977,17.0107,0,17.0107
Finland,1978,7.8766,0,7.8766
Finland,1979,152.1544,0,152.1544
Finland,1980,22.4772,0,22.4772
Finland,1981,129.838,0,129.838
Finland,1982,70.6215,0,70.6215
Finland,1983,89.6571,70.5385,19.1187
Finland,1984,105.0543,26.5536,78.5007
Finland,1985,32.8979,0,32.8979
Finland,1986,46.0449,83.5297,-37.4848
Finland,1987,461.5064,0,461.5064
Finland,1988,643.3217,0,643.3217
Finland,1989,761.9601,0,761.9601
Finland,1990,647.5966,0,647.5966
Finland,1991,897.9775,0,897.9775
Finland,1992,536.1357,0,536.1357
Finland,1993,386.3331,0,386.3331
Finland,1994,264.3182,0,264.3182
Finland,1995,296.7605,0,296.7605
Finland,1996,291.9708,0,291.9708
Finland,1997,294.3588,0,294.3588
Finland,1998,335.1201,0,335.1201
Finland,1999,384.8343,0,384.8343
Finland,2000,389.8033,0,389.8033
Finland,2001,508.5341,0,508.5341
Finland,2002,509.0584,0,509.0584
Finland,2003,586.9501,0,586.9501
Finland,2004,621.2884,0,621.2884
Finland,2005,888.6417,0,888.6417
Finland,2006,790.1345,0.0737,790.0609
Finland,2007,747.0197,0,747.0197
Finland,2008,978.1556,0,978.1556
Finland,2009,1405.1376,0,1405.1376
Finland,2010,1168.2568,0,1168.2568
Finland,2011,1181.8687,0,1181.8687
Finland,2012,870.3948,0,870.3948
Finland,2013,888.8231,0,888.8231
France,1947,0,2027.5683,-2027.5683
France,1973,3009.353,0,3009.353
France,1974,2928.5385,0,2928.5385
France,1975,1595.7283,0,1595.7283
France,1976,2031.0315,0,2031.0315
France,1977,2728.7995,0,2728.7995
France,1978,1413.2155,0,1413.2155
France,1979,1617.516,0,1617.516
France,1980,2878.1567,116.6098,2761.5469
France,1981,2954.2412,120.9228,2833.3184
France,1982,3187.1434,0,3187.1434
France,1983,2891.2076,0,2891.2076
France,1984,4427.7408,0,4427.7408
France,1985,3369.2617,0,3369.2617
France,1986,3622.5708,5.5588,3617.012
France,1987,3170.5538,0,3170.5538
France,1988,4472.3308,0,4472.3308
France,1989,5338.6512,0,5338.6512
France,1990,4275.0083,0,4275.0083
France,1991,5125.3654,0,5125.3654
France,1992,4075.5975,0,4075.5975
France,1993,3981.2304,0,3981.2304
France,1994,3997.9706,0,3997.9706
France,1995,4174.5845,0,4174.5845
France,1996,4183.9339,0,4183.9339
France,1997,3978.4563,0,3978.4563
France,1998,6156.4177,0.4907,6155.927
France,1999,5931.0438,0.4826,5930.5611
France,2000,6099.3552,0,6099.3552
France,2001,6548.4257,0,6548.4257
France,2002,8217.9464,0,8217.9464
France,2003,10954.9112,0,10954.9112
France,2004,8935.462,0,8935.462
France,2005,11170.4586,0.4118,11170.0468
France,2006,11821.4285,0,11821.4285
France,2007,9126.2005,0,9126.2005
France,2008,10789.7851,0.0082,10789.7768
France,2009,10034.5449,0,10034.5449
France,2010,11195.3995,0,11195.3995
France,2011,8856.8361,0,8856.8361
France,2012,12042.5226,0,12042.5226
France,2013,10256.169,0,10256.169
Gambia,1970,0,13.5726,-13.5726
Gambia,1972,0,7.0953,-7.0953
Gambia,1973,0,24.4859,-24.4859
Gambia,1974,0,103.2763,-103.2763
Gambia,1975,0,34.0645,-34.0645
Gambia,1976,0,73.3436,-73.3436
Gambia,1977,0,112.6379,-112.6379
Gambia,1978,0,71.7483,-71.7483
Gambia,1979,0,122.946,-122.946
Gambia,1980,0,183.7075,-183.7075
Gambia,1981,0,117.5335,-117.5335
Gambia,1982,0,133.4886,-133.4886
Gambia,1983,0,103.5055,-103.5055
Gambia,1984,0,228.3265,-228.3265
Gambia,1985,0,34.5642,-34.5642
Gambia,1986,0,195.7215,-195.7215
Gambia,1987,0,131.6548,-131.6548
Gambia,1988,0,217.5751,-217.5751
Gambia,1989,0,165.2601,-165.2601
Gambia,1990,0,130.7465,-130.7465
Gambia,1991,0,147.1978,-147.1978
Gambia,1992,0,88.29,-88.29
Gambia,1993,0,133.239,-133.239
Gambia,1994,0,36.6625,-36.6625
Gambia,1995,0,17.2771,-17.2771
Gambia,1996,0,28.5455,-28.5455
Gambia,1997,0,51.4108,-51.4108
Gambia,1998,0,139.2281,-139.2281
Gambia,1999,0,128.9428,-128.9428
Gambia,2000,0,87.2172,-87.2172
Gambia,2001,0,172.3874,-172.3874
Gambia,2002,0,153.6854,-153.6854
Gambia,2003,0,41.0437,-41.0437
Gambia,2004,0,115.3856,-115.3856
Gambia,2005,0,180.3263,-180.3263
Gambia,2006,0,100.4242,-100.4242
Gambia,2007,0,98.4127,-98.4127
Gambia,2008,0,108.2558,-108.2558
Gambia,2009,0,146.4597,-146.4597
Gambia,2010,0,171.0146,-171.0146
Gambia,2011,0,98.7931,-98.7931
Gambia,2012,0,276.8642,-276.8642
Gambia,2013,0,165.1299,-165.1299
Gambia,9999,0,3.95,-3.95
Germany,1973,3224.2374,0,3224.2374
Germany,1974,5251.2565,0,5251.2565
Germany,1975,3936.5314,0,3936.5314
Germany,1976,3788.6662,0,3788.6662
Germany,1977,3442.8458,0,3442.8458
Germany,1978,4099.7567,0,4099.7567
Germany,1979,6754.2459,0,6754.2459
Germany,1980,7439.665,0,7439.665
Germany,1981,6209.8073,0,6209.8073
Germany,1982,4673.6242,0,4673.6242
Germany,1983,3719.0972,0,3719.0972
Germany,1984,5380.6366,0,5380.6366
Germany,1985,5371.1107,0,5371.1107
Germany,1986,4072.2515,0,4072.2515
Germany,1987,4481.0013,0,4481.0013
Germany,1988,4946.5335,0,4946.5335
Germany,1989,8796.3418,0,8796.3418
Germany,1990,8545.0539,0,8545.0539
Germany,1991,5078.7177,0,5078.7177
Germany,1992,13928.7721,0,13928.7721
Germany,1993,10972.6209,0,10972.6209
Germany,1994,10954.0539,0,10954.0539
Germany,1995,12592.2893,0,12592.2893
Germany,1996,6781.8712,0,6781.8712
Germany,1997,11875.6115,0,11875.6115
Germany,1998,3854.5318,0,3854.5318
Germany,1999,6213.5526,0,6213.5526
Germany,2000,12104.9889,0,12104.9889
Germany,2001,6960.1569,0,6960.1569
Germany,2002,7866.0387,0,7866.0387
Germany,2003,8091.5884,0,8091.5884
Germany,2004,7384.9172,0.0315,7384.8857
Germany,2005,10982.3122,0,10982.3122
Germany,2006,11065.344,0,11065.344
Germany,2007,12244.0589,0.0287,12244.0302
Germany,2008,14595.0928,0,14595.0928
Germany,2009,11058.0414,0,11058.0414
Germany,2010,11884.7601,0,11884.7601
Germany,2011,12512.7679,0,12512.7679
Germany,2012,13078.0055,0,13078.0055
Germany,2013,14912.7638,0,14912.7638
Guinea-Bissau,1973,0,1.8839,-1.8839
Guinea-Bissau,1974,0,6.8214,-6.8214
Guinea-Bissau,1975,0,52.2156,-52.2156
Guinea-Bissau,1976,0,111.918,-111.918
Guinea-Bissau,1977,0,117.7757,-117.7757
Guinea-Bissau,1978,0,197.6577,-197.6577
Guinea-Bissau,1979,0,157.1903,-157.1903
Guinea-Bissau,1980,0,76.3534,-76.3534
Guinea-Bissau,1981,0,162.9219,-162.9219
Guinea-Bissau,1982,0,152.3189,-152.3189
Guinea-Bissau,1983,0,276.5031,-276.5031
Guinea-Bissau,1984,0,178.2693,-178.2693
Guinea-Bissau,1985,0,144.5728,-144.5728
Guinea-Bissau,1986,0,83.7178,-83.7178
Guinea-Bissau,1987,0,296.2448,-296.2448
Guinea-Bissau,1988,0,150.9504,-150.9504
Guinea-Bissau,1989,0,373.2329,-373.2329
Guinea-Bissau,1990,0,148.0705,-148.0705
Guinea-Bissau,1991,0,103.0661,-103.0661
Guinea-Bissau,1992,0,89.3013,-89.3013
Guinea-Bissau,1993,0,103.9719,-103.9719
Guinea-Bissau,1994,0,337.9156,-337.9156
Guinea-Bissau,1995,0,138.5466,-138.5466
Guinea-Bissau,1996,0,213.6915,-213.6915
Guinea-Bissau,1997,0,130.4098,-130.4098
Guinea-Bissau,1998,0,45.636,-45.636
Guinea-Bissau,1999,0,95.6454,-95.6454
Guinea-Bissau,2000,0,317.2279,-317.2279
Guinea-Bissau,2001,0,98.0464,-98.0464
Guinea-Bissau,2002,0,140.2269,-140.2269
Guinea-Bissau,2003,0,158.2239,-158.2239
Guinea-Bissau,2004,0,84.8148,-84.8148
Guinea-Bissau,2005,0,94.4252,-94.4252
Guinea-Bissau,2006,0,98.0287,-98.0287
Guinea-Bissau,2007,0,143.7628,-143.7628
Guinea-Bissau,2008,0,134.6461,-134.6461
Guinea-Bissau,2009,0,142.7594,-142.7594
Guinea-Bissau,2010,0,154.2609,-154.2609
Guinea-Bissau,2011,0,76.2834,-76.2834
Guinea-Bissau,2012,0,67.0254,-67.0254
Guinea-Bissau,2013,0,90.222,-90.222
India,1949,0,356.852,-356.852
India,1950,0,150.0401,-150.0401
India,1952,0,255.4736,-255.4736
India,1953,0,158.1503,-158.1503
India,1954,0,131.3864,-131.3864
India,1955,0,81.1027,-81.1027
India,1956,0,770.4759,-770.4759
India,1957,0,1118.4067,-1118.4067
India,1958,0,1240.8718,-1240.8718
India,1959,0,689.3732,-689.3732
India,1960,0,729.9246,-729.9246
India,1961,0,1711.6344,-1711.6344
India,1962,0,1106.7301,-1106.7301
India,1963,0,873.674,-873.674
India,1964,0,1344.2077,-1344.2077
India,1965,0,1667.7257,-1667.7257
India,1966,0,2357.8309,-2357.8309
India,1967,0,178.3645,-178.3645
India,1969,0,1676.8827,-1676.8827
India,1970,0,1569.8998,-1569.8998
India,1971,0,2360.7689,-2360.7689
India,1972,0,1693.0558,-1693.0558
India,1973,0,5732.8016,-5732.8016
India,1974,0,6721.5121,-6721.5121
India,1975,0,6542.6031,-6542.6031
India,1976,0,4810.9075,-4810.9075
India,1977,0,7114.633,-7114.633
India,1978,0,7412.5458,-7412.5458
India,1979,0,6049.2212,-6049.2212
India,1980,0,7665.2761,-7665.2761
India,1981,0,21351.1452,-21351.1452
India,1982,0,8055.2714,-8055.2714
India,1983,0,7325.2715,-7325.2715
India,1984,0,12047.6441,-12047.6441
India,1985,0,10319.4185,-10319.4185
India,1986,0,7925.8507,-7925.8507
India,1987,0,11488.9609,-11488.9609
India,1988,0,9585.6178,-9585.6178
India,1989,0,9771.3613,-9771.3613
India,1990,0,6961.3555,-6961.3555
India,1991,0,11791.4319,-11791.4319
India,1992,0,10362.5835,-10362.5835
India,1993,0,5521.9788,-5521.9788
India,1994,0,7467.0664,-7467.0664
India,1995,0,7076.8417,-7076.8417
India,1996,0,7852.3084,-7852.3084
India,1997,0,9480.3184,-9480.3184
India,1998,0,5829.3503,-5829.3503
India,1999,0,4440.5278,-4440.5278
India,2000,0,7606.7866,-7606.7866
India,2001,0,9045.5024,-9045.5024
India,2002,0,9324.0212,-9324.0212
India,2003,0,6589.3915,-6589.3915
India,2004,0,8539.8407,-8539.8407
India,2005,0,6084.4494,-6084.4494
India,2006,156.845,9276.5676,-9119.7226
India,2007,404.2137,11081.932,-10677.7183
India,2008,1507.8563,12069.2253,-10561.369
India,2009,1507.0445,15335.6002,-13828.5557
India,2010,642.5922,12825.5684,-12182.9762
India,2011,0,13448.7452,-13448.7452
India,2012,0,7311.688,-7311.688
India,2013,0,9520.2883,-9520.2883
India,9999,0,10.25,-10.25
Indonesia,1968,0,49.3686,-49.3686
Indonesia,1969,0,424.3595,-424.3595
Indonesia,1970,0,764.3131,-764.3131
Indonesia,1971,0,563.8395,-563.8395
Indonesia,1972,0,676.813,-676.813
Indonesia,1973,0,4312.218,-4312.218
Indonesia,1974,0,4266.3,-4266.3
Indonesia,1975,0,3444.296,-3444.296
Indonesia,1976,0,4340.3495,-4340.3495
Indonesia,1977,0,5362.4837,-5362.4837
Indonesia,1978,0,4062.0184,-4062.0184
Indonesia,1979,0,6515.3311,-6515.3311
Indonesia,1980,0,6445.1943,-6445.1943
Indonesia,1981,0,5399.4227,-5399.4227
Indonesia,1982,0,6321.6733,-6321.6733
Indonesia,1983,0,6696.6405,-6696.6405
Indonesia,1984,0,7044.4959,-7044.4959
Indonesia,1985,0,7283.2702,-7283.2702
Indonesia,1986,0,4097.6818,-4097.6818
Indonesia,1987,0,7287.0276,-7287.0276
Indonesia,1988,0,6816.1608,-6816.1608
Indonesia,1989,0,9309.2018,-9309.2018
Indonesia,1990,0,8723.062,-8723.062
Indonesia,1991,0,9537.0165,-9537.0165
Indonesia,1992,0,7909.7048,-7909.7048
Indonesia,1993,0,6994.6154,-6994.6154
Indonesia,1994,0,6858.9728,-6858.9728
Indonesia,1995,0,8938.4086,-8938.4086
Indonesia,1996,0,9646.7235,-9646.7235
Indonesia,1997,0,13320.8338,-13320.8338
Indonesia,1998,0,20833.1069,-20833.1069
Indonesia,1999,0,9212.1001,-9212.1001
Indonesia,2000,0,11610.4358,-11610.4358
Indonesia,2001,0,6401.3701,-6401.3701
Indonesia,2002,0,4043.7616,-4043.7616
Indonesia,2003,0,6464.7975,-6464.7975
Indonesia,2004,0,3781.3605,-3781.3605
Indonesia,2005,0,7892.982,-7892.982
Indonesia,2006,0,6574.235,-6574.235
Indonesia,2007,0,5917.2786,-5917.2786
Indonesia,2008,0,7505.9105,-7505.9105
Indonesia,2009,0,10748.7518,-10748.7518
Indonesia,2010,0,7601.338,-7601.338
Indonesia,2011,0,4540.2484,-4540.2484
Indonesia,2012,0,5181.4817,-5181.4817
Indonesia,2013,0,5813.3834,-5813.3834
Iraq,1950,0,103.8115,-103.8115
Iraq,1966,0,161.3991,-161.3991
Iraq,1971,0,232.8513,-232.8513
Iraq,1972,0,70.4075,-70.4075
Iraq,1973,0,394.9594,-394.9594
Iraq,1975,0,361.4444,-361.4444
Iraq,1977,0,208.9693,-208.9693
Iraq,1978,0,0.5935,-0.5935
Iraq,1979,0,0.2749,-0.2749
Iraq,1981,0,0.8317,-0.8317
Iraq,1982,0,119.9763,-119.9763
Iraq,1983,0,29.7614,-29.7614
Iraq,1984,0,112.3094,-112.3094
Iraq,1985,0,245.8949,-245.8949
Iraq,1986,0,2.3988,-2.3988
Iraq,1987,0,61.035,-61.035
Iraq,1988,0,53.0319,-53.0319
Iraq,1989,0,123.8659,-123.8659
Iraq,1990,0,208.1439,-208.1439
Iraq,1991,0,40.4421,-40.4421
Iraq,1992,0,29.2408,-29.2408
Iraq,1993,0,15.6334,-15.6334
Iraq,1994,0,22.7993,-22.7993
Iraq,1995,0,99.5692,-99.5692
Iraq,1996,0,231.8506,-231.8506
Iraq,1997,0,178.5416,-178.5416
Iraq,1998,0,123.1987,-123.1987
Iraq,1999,0,147.3907,-147.3907
Iraq,2000,0,146.9109,-146.9109
Iraq,2001,0,186.3333,-186.3333
Iraq,2002,0,116.4102,-116.4102
Iraq,2003,0,6717.3159,-6717.3159
Iraq,2004,0,11305.8426,-11305.8426
Iraq,2005,0,25053.6046,-25053.6046
Iraq,2006,0,10956.9183,-10956.9183
Iraq,2007,0,10738.6235,-10738.6235
Iraq,2008,0,12012.5804,-12012.5804
Iraq,2009,0,3340.5001,-3340.5001
Iraq,2010,0,4394.5658,-4394.5658
Iraq,2011,0,1788.1669,-1788.1669
Iraq,2012,0,1811.7264,-1811.7264
Iraq,2013,0,1517.1173,-1517.1173
Italy,1951,0,81.1027,-81.1027
Italy,1953,0,81.1027,-81.1027
Italy,1955,0,567.7191,-567.7191
Italy,1956,0,605.0264,-605.0264
Italy,1958,0,608.2705,-608.2705
Italy,1959,0,486.6164,-486.6164
Italy,1965,0,712.7033,-712.7033
Italy,1973,856.7828,0,856.7828
Italy,1974,58.186,0,58.186
Italy,1975,162.2652,0,162.2652
Italy,1976,109.4762,0,109.4762
Italy,1977,62.009,0,62.009
Italy,1980,85.4122,894.5048,-809.0926
Italy,1981,882.8123,3.5852,879.2271
Italy,1982,830.8609,0.664,830.1969
Italy,1983,1616.8753,147.5955,1469.2798
Italy,1984,1566.2086,551.9361,1014.2725
Italy,1985,1399.5179,0,1399.5179
Italy,1986,2372.8605,0,2372.8605
Italy,1987,5444.0606,0,5444.0606
Italy,1988,4257.9113,0,4257.9113
Italy,1989,3731.777,0,3731.777
Italy,1990,2522.8035,0,2522.8035
Italy,1991,3421.0156,0,3421.0156
Italy,1992,3453.951,0,3453.951
Italy,1993,1958.2202,277.4198,1680.8005
Italy,1994,2204.9746,524.993,1679.9816
Italy,1995,4596.7352,0,4596.7352
Italy,1996,1071.6814,0,1071.6814
Italy,1997,2491.2917,0,2491.2917
Italy,1998,1323.1703,0,1323.1703
Italy,1999,1428.2167,0,1428.2167
Italy,2000,1591.4985,0.0924,1591.4061
Italy,2001,1257.7323,0,1257.7323
Italy,2002,2207.516,0,2207.516
Italy,2003,1984.817,0.0356,1984.7814
Italy,2004,3724.572,0,3724.572
Italy,2005,3360.0712,0,3360.0712
Italy,2006,3035.9167,0,3035.9167
Italy,2007,1555.9703,0,1555.9703
Italy,2008,2328.963,0,2328.963
Italy,2009,1165.0558,0,1165.0558
Italy,2010,1039.6442,0,1039.6442
Italy,2011,1742.0803,0,1742.0803
Italy,2012,904.3886,0,904.3886
Italy,2013,887.5464,0,887.5464
Japan,1953,0,326.033,-326.033
Japan,1955,0,42.9844,-42.9844
Japan,1956,0,262.7728,-262.7728
Japan,1957,0,56.7719,-56.7719
Japan,1958,0,1330.0848,-1330.0848
Japan,1959,0,437.9547,-437.9547
Japan,1960,0,527.1678,-527.1678
Japan,1961,0,959.795,-959.795
Japan,1963,0,557.6642,-557.6642
Japan,1964,0,544.9491,-544.9491
Japan,1965,0,890.8791,-890.8791
Japan,1966,0,701.7354,-701.7354
Japan,1973,5202.4246,0,5202.4246
Japan,1974,7602.3262,0,7602.3262
Japan,1975,5515.9621,0,5515.9621
Japan,1976,3741.8861,0,3741.8861
Japan,1977,6628.1527,0,6628.1527
Japan,1978,5562.9657,0,5562.9657
Japan,1979,6498.4907,0,6498.4907
Japan,1980,8777.822,264.7689,8513.0531
Japan,1981,8265.3537,446.9208,7818.4329
Japan,1982,9638.2089,0,9638.2089
Japan,1983,8208.7716,0,8208.7716
Japan,1984,9453.2281,166.8321,9286.396
Japan,1985,9694.4213,269.8765,9424.5448
Japan,1986,6589.3869,130.5597,6458.8272
Japan,1987,10123.5169,525.1233,9598.3936
Japan,1988,15768.989,0,15768.989
Japan,1989,9639.601,0,9639.601
Japan,1990,13508.1266,0,13508.1266
Japan,1991,16583.5662,0,16583.5662
Japan,1992,13432.1329,0,13432.1329
Japan,1993,14949.3128,0,14949.3128
Japan,1994,11788.5218,0,11788.5218
Japan,1995,15879.2441,0,15879.2441
Japan,1996,22148.0582,0,22148.0582
Japan,1997,22350.784,0,22350.784
Japan,1998,23334.6342,0,23334.6342
Japan,1999,27851.5223,277.9973,27573.525
Japan,2000,13313.1712,0,13313.1712
Japan,2001,13064.4457,0,13064.4457
Japan,2002,11644.3664,0,11644.3664
Japan,2003,20768.8328,0,20768.8328
Japan,2004,16251.242,0,16251.242
Japan,2005,21406.4802,0,21406.4802
Japan,2006,19415.6933,0,19415.6933
Japan,2007,21795.7413,0,21795.7413
Japan,2008,19747.5161,0,19747.5161
Japan,2009,16444.0411,0,16444.0411
Japan,2010,18850.029,0.1247,18849.9043
Japan,2011,15527.5415,0,15527.5415
Japan,2012,17446.9403,0,17446.9403
Japan,2013,17450.1456,0,17450.1456
Kenya,1960,0,45.4175,-45.4175
Kenya,1961,0,67.1856,-67.1856
Kenya,1964,0,53.0417,-53.0417
Kenya,1965,0,22.0938,-22.0938
Kenya,1966,0,49.1215,-49.1215
Kenya,1967,0,80.6208,-80.6208
Kenya,1968,0,111.9841,-111.9841
Kenya,1969,0,177.1545,-177.1545
Kenya,1970,0,185.1693,-185.1693
Kenya,1971,0,292.8085,-292.8085
Kenya,1972,0,191.574,-191.574
Kenya,1973,0,544.8538,-544.8538
Kenya,1974,0,1002.52,-1002.52
Kenya,1975,0,1320.1135,-1320.1135
Kenya,1976,0,623.2346,-623.2346
Kenya,1977,0,1057.8082,-1057.8082
Kenya,1978,0,1359.0922,-1359.0922
Kenya,1979,0,1414.6128,-1414.6128
Kenya,1980,0,1158.1236,-1158.1236
Kenya,1981,0,1049.9134,-1049.9134
Kenya,1982,0,2050.9607,-2050.9607
Kenya,1983,0,1653.1399,-1653.1399
Kenya,1984,0,1598.0249,-1598.0249
Kenya,1985,0,1441.3222,-1441.3222
Kenya,1986,0,937.5035,-937.5035
Kenya,1987,0,1345.5379,-1345.5379
Kenya,1988,0,1942.5397,-1942.5397
Kenya,1989,0,2455.0189,-2455.0189
Kenya,1990,0,2561.9812,-2561.9812
Kenya,1991,0,1371.9769,-1371.9769
Kenya,1992,0,1088.8238,-1088.8238
Kenya,1993,0,639.1908,-639.1908
Kenya,1994,0,610.4483,-610.4483
Kenya,1995,0,619.7318,-619.7318
Kenya,1996,0,1089.0158,-1089.0158
Kenya,1997,0,875.2358,-875.2358
Kenya,1998,0,533.0179,-533.0179
Kenya,1999,0,830.0225,-830.0225
Kenya,2000,0,2028.0254,-2028.0254
Kenya,2001,0,899.6477,-899.6477
Kenya,2002,0,483.88,-483.88
Kenya,2003,0,1402.8915,-1402.8915
Kenya,2004,0,1811.8579,-1811.8579
Kenya,2005,0,1313.0679,-1313.0679
Kenya,2006,0,1849.822,-1849.822
Kenya,2007,0,2856.895,-2856.895
Kenya,2008,0,1629.3471,-1629.3471
Kenya,2009,0,3337.474,-3337.474
Kenya,2010,0,3817.3193,-3817.3193
Kenya,2011,0,3151.5603,-3151.5603
Kenya,2012,0,4694.5684,-4694.5684
Kenya,2013,0,3226.4056,-3226.4056
Kenya,9999,0,3.3807,-3.3807
Korea,1962,0,107.5988,-107.5988
Korea,1967,0,78.4804,-78.4804
Korea,1968,0,104.9236,-104.9236
Korea,1969,0,705.2374,-705.2374
Korea,1970,0,647.2847,-647.2847
Korea,1971,0,902.2163,-902.2163
Korea,1972,0,910.6468,-910.6468
Korea,1973,0,2554.9595,-2554.9595
Korea,1974,0,2118.2234,-2118.2234
Korea,1975,0,2258.0835,-2258.0835
Korea,1976,0,2714.5871,-2714.5871
Korea,1977,0,2373.4442,-2373.4442
Korea,1978,0,2984.5801,-2984.5801
Korea,1979,0,1742.7492,-1742.7492
Korea,1980,0,4238.1663,-4238.1663
Korea,1981,0,3619.7463,-3619.7463
Korea,1982,0,1886.6615,-1886.6615
Korea,1983,0,4624.6773,-4624.6773
Korea,1984,0,2658.8052,-2658.8052
Korea,1985,0,3771.7791,-3771.7791
Korea,1986,0,1439.6567,-1439.6567
Korea,1987,0,1132.8886,-1132.8886
Korea,1988,0,1087.2292,-1087.2292
Korea,1989,0,648.4062,-648.4062
Korea,1990,0,1304.62,-1304.62
Korea,1991,0,507.1467,-507.1467
Korea,1992,0,232.4657,-232.4657
Korea,1993,0,611.67,-611.67
Korea,1994,0,1908.213,-1908.213
Korea,1995,0,4.3488,-4.3488
Korea,1996,0,383.7476,-383.7476
Korea,1997,0,33479.2747,-33479.2747
Korea,1998,0,6604.9196,-6604.9196
Korea,1999,0,6460.4417,-6460.4417
Korea,2000,0,715.8807,-715.8807
Korea,2001,0,946.9435,-946.9435
Korea,2002,0,832.4699,-832.4699
Korea,2003,0,117.9599,-117.9599
Korea,2004,0,146.0306,-146.0306
Korea,2006,2306.7204,10.6465,2296.074
Korea,2007,3135.6256,0,3135.6256
Korea,2008,3795.3724,0,3795.3724
Korea,2009,4145.2038,0,4145.2038
Korea,2010,1921.1855,0,1921.1855
Korea,2011,1627.5337,0,1627.5337
Korea,2012,1760.0954,0,1760.0954
Korea,2013,7064.4385,0,7064.4385
Kuwait,1962,301.2764,0,301.2764
Kuwait,1963,135.3265,0,135.3265
Kuwait,1964,351.9643,0,351.9643
Kuwait,1965,33.9247,0,33.9247
Kuwait,1966,244.6249,0,244.6249
Kuwait,1967,243.1179,0,243.1179
Kuwait,1968,89.6692,0,89.6692
Kuwait,1970,18.0968,0,18.0968
Kuwait,1971,210.8169,0,210.8169
Kuwait,1972,279.4772,0,279.4772
Kuwait,1973,291.8632,0.3255,291.5377
Kuwait,1974,654.8796,0,654.8796
Kuwait,1975,1313.0252,0,1313.0252
Kuwait,1976,1217.9644,0,1217.9644
Kuwait,1977,1435.8031,0.243,1435.56
Kuwait,1978,611.2688,0,611.2688
Kuwait,1979,977.3729,0,977.3729
Kuwait,1980,679.3211,0,679.3211
Kuwait,1981,1938.269,0.0784,1938.1905
Kuwait,1982,2043.5492,0,2043.5492
Kuwait,1983,1081.2514,0,1081.2514
Kuwait,1984,783.9678,0,783.9678
Kuwait,1985,607.2839,0.5244,606.7595
Kuwait,1986,706.626,0,706.626
Kuwait,1987,581.9257,0,581.9257
Kuwait,1988,496.6543,38.5482,458.1061
Kuwait,1989,600.2667,0,600.2667
Kuwait,1990,805.1245,4.9019,800.2227
Kuwait,1991,613.9403,10.2443,603.696
Kuwait,1992,682.3152,7407.6038,-6725.2886
Kuwait,1993,1008.3767,0.5347,1007.8421
Kuwait,1994,397.8501,7.8784,389.9718
Kuwait,1995,903.6102,302.5403,601.0699
Kuwait,1996,856.6649,48.3431,808.3218
Kuwait,1997,659.7537,1.4508,658.303
Kuwait,1998,762.4368,5.8398,756.597
Kuwait,1999,955.503,1.6441,953.8589
Kuwait,2000,618.0471,1.036,617.011
Kuwait,2001,848.7202,5.1056,843.6146
Kuwait,2002,1104.3929,3.1157,1101.2772
Kuwait,2003,457.4452,1.5083,455.9369
Kuwait,2004,658.6045,17.1198,641.4846
Kuwait,2005,967.3095,1.2689,966.0407
Kuwait,2006,586.4727,3.8287,582.644
Kuwait,2007,693.6884,2.9033,690.7852
Kuwait,2008,825.4642,38.7736,786.6906
Kuwait,2009,524.8461,0.898,523.9481
Kuwait,2010,325.7929,0.0186,325.7743
Kuwait,2011,0,0.4321,-0.4321
Kuwait,2012,1860.0821,0,1860.0821
Kuwait,2013,944.7205,0,944.7205
Mexico,1949,0,276.5603,-276.5603
Mexico,1950,0,291.9698,-291.9698
Mexico,1952,0,240.8751,-240.8751
Mexico,1954,0,494.7267,-494.7267
Mexico,1958,0,364.9623,-364.9623
Mexico,1960,0,202.7568,-202.7568
Mexico,1961,0,119.9744,-119.9744
Mexico,1962,0,1233.543,-1233.543
Mexico,1963,0,390.365,-390.365
Mexico,1965,0,1190.2145,-1190.2145
Mexico,1966,0,133.3297,-133.3297
Mexico,1968,0,973.0323,-973.0323
Mexico,1969,0,439.5055,-439.5055
Mexico,1970,0,1527.243,-1527.243
Mexico,1971,0,933.6728,-933.6728
Mexico,1972,0,2023.4723,-2023.4723
Mexico,1973,0,1892.4708,-1892.4708
Mexico,1974,0,2094.7625,-2094.7625
Mexico,1975,0,2126.2819,-2126.2819
Mexico,1976,0,2087.6183,-2087.6183
Mexico,1977,0,1461.5422,-1461.5422
Mexico,1978,0,2542.6847,-2542.6847
Mexico,1979,0,1994.4491,-1994.4491
Mexico,1980,0,4259.7978,-4259.7978
Mexico,1981,0,4539.2302,-4539.2302
Mexico,1982,0,3323.4787,-3323.4787
Mexico,1983,0,13936.5689,-13936.5689
Mexico,1984,0,2784.3079,-2784.3079
Mexico,1985,0,4232.3255,-4232.3255
Mexico,1986,0,6545.8617,-6545.8617
Mexico,1987,0,3933.842,-3933.842
Mexico,1988,0,3051.0733,-3051.0733
Mexico,1989,0,11363.2328,-11363.2328
Mexico,1990,0,7896.0246,-7896.0246
Mexico,1991,0,8804.8396,-8804.8396
Mexico,1992,0,4435.7613,-4435.7613
Mexico,1993,0,2753.0598,-2753.0598
Mexico,1994,0,5949.3838,-5949.3838
Mexico,1995,0,16702.133,-16702.133
Mexico,1996,0,4403.183,-4403.183
Mexico,1997,0,3523.0286,-3523.0286
Mexico,1998,0,7151.8655,-7151.8655
Mexico,1999,0,8523.8429,-8523.8429
Mexico,2000,0,7278.5686,-7278.5686
Mexico,2001,0,4978.2553,-4978.2553
Mexico,2002,0,5720.5234,-5720.5234
Mexico,2003,0,3931.4485,-3931.4485
Mexico,2004,0,2183.513,-2183.513
Mexico,2005,0,4336.0472,-4336.0472
Mexico,2006,0,2191.129,-2191.129
Mexico,2007,0,1462.8876,-1462.8876
Mexico,2008,0,4263.6335,-4263.6335
Mexico,2009,0,29591.0766,-29591.0766
Mexico,2010,0,28589.0417,-28589.0417
Mexico,2011,0,32943.4776,-32943.4776
Mexico,2012,0,2269.1044,-2269.1044
Mexico,2013,0,3250.848,-3250.848
Mexico,9999,0,2.745,-2.745
Morocco,1962,0,115.2844,-115.2844
Morocco,1964,0,127.1548,-127.1548
Morocco,1965,0,149.6677,-149.6677
Morocco,1966,0,320.2719,-320.2719
Morocco,1968,0,102.4245,-102.4245
Morocco,1969,0,409.7544,-409.7544
Morocco,1970,0,179.6756,-179.6756
Morocco,1971,0,265.3577,-265.3577
Morocco,1972,0,609.0605,-609.0605
Morocco,1973,0,660.5226,-660.5226
Morocco,1974,0,1100.0268,-1100.0268
Morocco,1975,0,330.4106,-330.4106
Morocco,1976,0,1189.0205,-1189.0205
Morocco,1977,0,1438.9547,-1438.9547
Morocco,1978,0,930.2579,-930.2579
Morocco,1979,0,1653.7903,-1653.7903
Morocco,1980,0,962.5975,-962.5975
Morocco,1981,0,1803.6706,-1803.6706
Morocco,1982,0,1551.3068,-1551.3068
Morocco,1983,0,2982.5147,-2982.5147
Morocco,1984,0,1640.9624,-1640.9624
Morocco,1985,0,2853.6697,-2853.6697
Morocco,1986,0,2786.2033,-2786.2033
Morocco,1987,0,3036.3041,-3036.3041
Morocco,1988,0,2090.3219,-2090.3219
Morocco,1989,0,2335.8428,-2335.8428
Morocco,1990,0,2671.1932,-2671.1932
Morocco,1991,0,2296.7457,-2296.7457
Morocco,1992,0,2244.4831,-2244.4831
Morocco,1993,0,3054.9176,-3054.9176
Morocco,1994,0,1626.1937,-1626.1937
Morocco,1995,0,2155.3963,-2155.3963
Morocco,1996,0,2300.5076,-2300.5076
Morocco,1997,0,2119.207,-2119.207
Morocco,1998,0,2230.8827,-2230.8827
Morocco,1999,0,1763.065,-1763.065
Morocco,2000,0,1578.7192,-1578.7192
Morocco,2001,0,3007.1865,-3007.1865
Morocco,2002,0,2210.977,-2210.977
Morocco,2003,0,2188.8011,-2188.8011
Morocco,2004,0,2735.789,-2735.789
Morocco,2005,0,2641.735,-2641.735
Morocco,2006,0,3038.5634,-3038.5634
Morocco,2007,0,2801.1189,-2801.1189
Morocco,2008,0,3848.1348,-3848.1348
Morocco,2009,0,2935.4885,-2935.4885
Morocco,2010,0,4234.3002,-4234.3002
Morocco,2011,0,2266.7166,-2266.7166
Morocco,2012,0,4450.7465,-4450.7465
Morocco,2013,0,5385.1173,-5385.1173
Netherlands,1947,0,1581.5033,-1581.5033
Netherlands,1948,0,64.8822,-64.8822
Netherlands,1949,0,32.4411,-32.4411
Netherlands,1952,0,121.6541,-121.6541
Netherlands,1957,0,178.426,-178.426
Netherlands,1973,849.4532,0,849.4532
Netherlands,1974,1329.6247,0,1329.6247
Netherlands,1975,1147.9084,0,1147.9084
Netherlands,1976,1806.4851,0,1806.4851
Netherlands,1977,1859.8599,0,1859.8599
Netherlands,1978,1882.3112,0,1882.3112
Netherlands,1979,1553.1635,0,1553.1635
Netherlands,1980,1958.502,0,1958.502
Netherlands,1981,1504.2468,0,1504.2468
Netherlands,1982,1334.3771,0,1334.3771
Netherlands,1983,1817.559,0,1817.559
Netherlands,1984,2162.5246,0,2162.5246
Netherlands,1985,1399.1544,0,1399.1544
Netherlands,1986,2098.4732,0,2098.4732
Netherlands,1987,2732.0262,0,2732.0262
Netherlands,1988,2491.0782,0,2491.0782
Netherlands,1989,2633.8695,0,2633.8695
Netherlands,1990,1969.1875,0,1969.1875
Netherlands,1991,1834.7515,0,1834.7515
Netherlands,1992,2498.2162,0,2498.2162
Netherlands,1993,2951.0324,0,2951.0324
Netherlands,1994,2167.2722,0,2167.2722
Netherlands,1995,3023.1688,0,3023.1688
Netherlands,1996,3218.2951,0,3218.2951
Netherlands,1997,3286.074,0.4225,3285.6515
Netherlands,1998,3354.7855,0,3354.7855
Netherlands,1999,3144.8593,0,3144.8593
Netherlands,2000,4907.1251,0,4907.1251
Netherlands,2001,4538.1968,0,4538.1968
Netherlands,2002,7545.6373,0,7545.6373
Netherlands,2003,3437.8045,0,3437.8045
Netherlands,2004,3557.9631,0,3557.9631
Netherlands,2005,4300.5341,0,4300.5341
Netherlands,2006,12582.0345,0,12582.0345
Netherlands,2007,5098.4917,0,5098.4917
Netherlands,2008,5555.3851,0,5555.3851
Netherlands,2009,5405.7474,0,5405.7474
Netherlands,2010,6453.1711,0,6453.1711
Netherlands,2011,4026.1579,0,4026.1579
Netherlands,2012,5233.3873,0,5233.3873
Netherlands,2013,3244.3302,0,3244.3302
New Zealand,1963,0,57.9971,-57.9971
New Zealand,1964,0,236.1446,-236.1446
New Zealand,1965,0,445.4396,-445.4396
New Zealand,1971,0,97.6029,-97.6029
New Zealand,1972,0,43.6636,-43.6636
New Zealand,1974,10.6337,0,10.6337
New Zealand,1976,13.0377,0,13.0377
New Zealand,1980,0,11.7037,-11.7037
New Zealand,1981,83.9902,0,83.9902
New Zealand,1982,114.0618,213.8846,-99.8228
New Zealand,1983,97.6503,0,97.6503
New Zealand,1984,2.4321,0,2.4321
New Zealand,1985,54.9903,0.1618,54.8284
New Zealand,1995,137.3237,0.3383,136.9853
New Zealand,1998,0,0.3834,-0.3834
New Zealand,2002,167.8286,0,167.8286
New Zealand,2003,201.8375,0,201.8375
New Zealand,2004,253.642,0,253.642
New Zealand,2005,410.6599,0,410.6599
New Zealand,2006,409.6733,0,409.6733
New Zealand,2007,334.8599,0,334.8599
New Zealand,2008,431.7136,0,431.7136
New Zealand,2009,359.8851,0,359.8851
New Zealand,2010,326.9545,0,326.9545
New Zealand,2011,492.5003,0,492.5003
New Zealand,2012,310.0421,0,310.0421
New Zealand,2013,389.2201,0,389.2201
Nigeria,1958,0,227.0876,-227.0876
Nigeria,1962,0,103.756,-103.756
Nigeria,1964,0,813.7906,-813.7906
Nigeria,1965,0,481.0747,-481.0747
Nigeria,1968,0,99.0103,-99.0103
Nigeria,1969,0,112.243,-112.243
Nigeria,1970,0,226.2103,-226.2103
Nigeria,1971,0,541.6958,-541.6958
Nigeria,1972,0,672.9182,-672.9182
Nigeria,1973,0,613.6962,-613.6962
Nigeria,1974,0,909.7636,-909.7636
Nigeria,1975,0,371.9631,-371.9631
Nigeria,1976,0,100.0039,-100.0039
Nigeria,1977,0,228.2266,-228.2266
Nigeria,1978,0,299.7516,-299.7516
Nigeria,1979,0,821.9304,-821.9304
Nigeria,1980,0,515.6004,-515.6004
Nigeria,1981,0,2009.0915,-2009.0915
Nigeria,1982,0,775.1977,-775.1977
Nigeria,1983,0,1051.9019,-1051.9019
Nigeria,1984,0,604.7849,-604.7849
Nigeria,1985,0,876.8953,-876.8953
Nigeria,1986,0,2259.7074,-2259.7074
Nigeria,1987,0,1908.2313,-1908.2313
Nigeria,1988,0,2903.7693,-2903.7693
Nigeria,1989,0,4278.3237,-4278.3237
Nigeria,1990,0,1998.7986,-1998.7986
Nigeria,1991,0,3030.7563,-3030.7563
Nigeria,1992,0,1773.3117,-1773.3117
Nigeria,1993,0,933.0185,-933.0185
Nigeria,1994,0,588.19,-588.19
Nigeria,1995,0,40.1374,-40.1374
Nigeria,1996,0,70.2701,-70.2701
Nigeria,1997,0,27.3572,-27.3572
Nigeria,1998,0,90.7356,-90.7356
Nigeria,1999,0,295.8997,-295.8997
Nigeria,2000,0,2966.618,-2966.618
Nigeria,2001,0,1131.2178,-1131.2178
Nigeria,2002,0,1879.8525,-1879.8525
Nigeria,2003,0,852.303,-852.303
Nigeria,2004,0,4234.3021,-4234.3021
Nigeria,2005,0,7764.195,-7764.195
Nigeria,2006,0,14598.1347,-14598.1347
Nigeria,2007,0,2814.9182,-2814.9182
Nigeria,2008,0,2537.5604,-2537.5604
Nigeria,2009,0,3799.8678,-3799.8678
Nigeria,2010,0,1741.1543,-1741.1543
Nigeria,2011,0,2202.0971,-2202.0971
Nigeria,2012,0,3167.1567,-3167.1567
Nigeria,2013,0,3767.4299,-3767.4299
Norway,1954,0,202.7568,-202.7568
Norway,1955,0,202.7568,-202.7568
Norway,1956,0,202.7568,-202.7568
Norway,1959,0,162.2055,-162.2055
Norway,1960,0,202.7568,-202.7568
Norway,1963,0,185.8881,-185.8881
Norway,1973,391.3565,0,391.3565
Norway,1974,506.005,0,506.005
Norway,1975,571.2918,0,571.2918
Norway,1976,379.7766,0,379.7766
Norway,1977,368.3581,0,368.3581
Norway,1978,599.5689,0,599.5689
Norway,1979,671.8451,0,671.8451
Norway,1980,561.7363,43.7251,518.0111
Norway,1981,501.5066,130.9368,370.5697
Norway,1982,678.9395,63.586,615.3535
Norway,1983,103.4529,0,103.4529
Norway,1984,1196.0142,0,1196.0142
Norway,1985,1167.7515,0,1167.7515
Norway,1986,1655.7229,0,1655.7229
Norway,1987,1206.4834,0,1206.4834
Norway,1988,646.7168,0,646.7168
Norway,1989,956.2858,0,956.2858
Norway,1990,1160.7481,0,1160.7481
Norway,1991,1368.3649,0,1368.3649
Norway,1992,973.6218,62.6683,910.9535
Norway,1993,1433.37,67.0857,1366.2844
Norway,1994,1875.4786,0,1875.4786
Norway,1995,2077.3879,0,2077.3879
Norway,1996,1938.1411,0,1938.1411
Norway,1997,1634.3428,0,1634.3428
Norway,1998,1811.6165,0,1811.6165
Norway,1999,3015.0147,0,3015.0147
Norway,2000,1968.5996,0.3587,1968.2409
Norway,2001,2667.2996,0,2667.2996
Norway,2002,2515.8346,0,2515.8346
Norway,2003,2746.1521,0,2746.1521
Norway,2004,2330.4715,0,2330.4715
Norway,2005,2943.0628,0,2943.0628
Norway,2006,3674.5604,0,3674.5604
Norway,2007,3629.9614,0,3629.9614
Norway,2008,3979.2871,0,3979.2871
Norway,2009,5055.5722,0,5055.5722
Norway,2010,4361.0905,0,4361.0905
Norway,2011,3747.925,0,3747.925
Norway,2012,3538.4624,0,3538.4624
Norway,2013,4651.2659,0,4651.2659
Pakistan,1952,0,247.3633,-247.3633
Pakistan,1954,0,113.5438,-113.5438
Pakistan,1955,0,266.017,-266.017
Pakistan,1957,0,285.4816,-285.4816
Pakistan,1958,0,113.5438,-113.5438
Pakistan,1959,0,197.0796,-197.0796
Pakistan,1960,0,729.9246,-729.9246
Pakistan,1961,0,124.7733,-124.7733
Pakistan,1962,0,344.316,-344.316
Pakistan,1963,0,399.2876,-399.2876
Pakistan,1964,0,1227.2253,-1227.2253
Pakistan,1965,0,339.2468,-339.2468
Pakistan,1966,0,357.885,-357.885
Pakistan,1967,0,418.0864,-418.0864
Pakistan,1968,0,764.7693,-764.7693
Pakistan,1969,0,562.5671,-562.5671
Pakistan,1970,0,786.8888,-786.8888
Pakistan,1972,0,483.0285,-483.0285
Pakistan,1973,0,2133.0295,-2133.0295
Pakistan,1974,0,2446.6311,-2446.6311
Pakistan,1975,0,2806.9033,-2806.9033
Pakistan,1976,0,3994.4649,-3994.4649
Pakistan,1977,0,3134.9856,-3134.9856
Pakistan,1978,0,3103.4995,-3103.4995
Pakistan,1979,0,2526.8822,-2526.8822
Pakistan,1980,0,1847.6384,-1847.6384
Pakistan,1981,0,2485.066,-2485.066
Pakistan,1982,0,3420.8783,-3420.8783
Pakistan,1983,0,3691.5719,-3691.5719
Pakistan,1984,0,4158.6592,-4158.6592
Pakistan,1985,0,5227.902,-5227.902
Pakistan,1986,0,4382.5716,-4382.5716
Pakistan,1987,0,4628.2522,-4628.2522
Pakistan,1988,0,5208.9924,-5208.9924
Pakistan,1989,0,5358.5555,-5358.5555
Pakistan,1990,0,3736.208,-3736.208
Pakistan,1991,0,3510.3177,-3510.3177
Pakistan,1992,0,2610.0977,-2610.0977
Pakistan,1993,0,3291.8779,-3291.8779
Pakistan,1994,0,4632.7492,-4632.7492
Pakistan,1995,0,3489.908,-3489.908
Pakistan,1996,0,3740.2534,-3740.2534
Pakistan,1997,0,3737.2812,-3737.2812
Pakistan,1998,0,1319.8723,-1319.8723
Pakistan,1999,0,1869.7483,-1869.7483
Pakistan,2000,0,3370.4553,-3370.4553
Pakistan,2001,0,7075.3482,-7075.3482
Pakistan,2002,0,4573.1584,-4573.1584
Pakistan,2003,0,10364.1773,-10364.1773
Pakistan,2004,0,2488.6927,-2488.6927
Pakistan,2005,0,4939.6588,-4939.6588
Pakistan,2006,0,5149.8939,-5149.8939
Pakistan,2007,0,5134.2774,-5134.2774
Pakistan,2008,0,7491.8331,-7491.8331
Pakistan,2009,0,6769.6177,-6769.6177
Pakistan,2010,0,6656.8149,-6656.8149
Pakistan,2011,0,3401.0939,-3401.0939
Pakistan,2012,0,4820.0749,-4820.0749
Pakistan,2013,0,3648.9621,-3648.9621
Peru,1952,0,30.819,-30.819
Peru,1954,0,54.3388,-54.3388
Peru,1955,0,206.812,-206.812
Peru,1957,0,40.5514,-40.5514
Peru,1958,0,175.1819,-175.1819
Peru,1960,0,279.8044,-279.8044
Peru,1961,0,79.9829,-79.9829
Peru,1963,0,210.4253,-210.4253
Peru,1964,0,22.5246,-22.5246
Peru,1965,0,420.495,-420.495
Peru,1966,0,134.0315,-134.0315
Peru,1967,0,124.8552,-124.8552
Peru,1970,0,573.473,-573.473
Peru,1971,0,148.2151,-148.2151
Peru,1972,0,5.5944,-5.5944
Peru,1973,0,707.1059,-707.1059
Peru,1974,0,523.7841,-523.7841
Peru,1975,0,517.3944,-517.3944
Peru,1976,0,1298.3611,-1298.3611
Peru,1977,0,471.1618,-471.1618
Peru,1978,0,664.5007,-664.5007
Peru,1979,0,1377.9768,-1377.9768
Peru,1980,0,1049.1136,-1049.1136
Peru,1981,0,1427.8821,-1427.8821
Peru,1982,0,2216.3152,-2216.3152
Peru,1983,0,1737.9847,-1737.9847
Peru,1984,0,2045.9933,-2045.9933
Peru,1985,0,541.7924,-541.7924
Peru,1986,0,350.6311,-350.6311
Peru,1987,0,439.2608,-439.2608
Peru,1988,0,881.7984,-881.7984
Peru,1989,0,923.7136,-923.7136
Peru,1990,0,572.5331,-572.5331
Peru,1991,0,2374.9234,-2374.9234
Peru,1992,0,2950.6327,-2950.6327
Peru,1993,0,3019.4486,-3019.4486
Peru,1994,0,2353.4236,-2353.4236
Peru,1995,0,1282.7885,-1282.7885
Peru,1996,0,4357.3069,-4357.3069
Peru,1997,0,4531.6577,-4531.6577
Peru,1998,0,2336.9922,-2336.9922
Peru,1999,0,4339.871,-4339.871
Peru,2000,0,1725.9562,-1725.9562
Peru,2001,0,3105.4743,-3105.4743
Peru,2002,0,2953.2942,-2953.2942
Peru,2003,0,2916.4572,-2916.4572
Peru,2004,0,1629.8622,-1629.8622
Peru,2005,0,1776.8464,-1776.8464
Peru,2006,0,3162.547,-3162.547
Peru,2007,0,4432.2944,-4432.2944
Peru,2008,0,3161.1727,-3161.1727
Peru,2009,0,5402.4722,-5402.4722
Peru,2010,0,4473.1936,-4473.1936
Peru,2011,0,863.6936,-863.6936
Peru,2012,0,873.7696,-873.7696
Peru,2013,0,1192.4329,-1192.4329
Peru,9999,0,1.661,-1.661
Philippines,1957,0,170.3157,-170.3157
Philippines,1961,0,339.9274,-339.9274
Philippines,1962,0,28.4368,-28.4368
Philippines,1963,0,111.5328,-111.5328
Philippines,1964,0,190.3689,-190.3689
Philippines,1965,0,35.6352,-35.6352
Philippines,1966,0,175.4338,-175.4338
Philippines,1967,0,85.615,-85.615
Philippines,1968,0,2.2533,-2.2533
Philippines,1969,0,534.858,-534.858
Philippines,1970,0,165.6894,-165.6894
Philippines,1971,0,315.611,-315.611
Philippines,1972,0,529.1389,-529.1389
Philippines,1973,0,1588.5473,-1588.5473
Philippines,1974,0,2307.4845,-2307.4845
Philippines,1975,0,1518.6573,-1518.6573
Philippines,1976,0,1731.0109,-1731.0109
Philippines,1977,0,1670.2245,-1670.2245
Philippines,1978,0,3412.3744,-3412.3744
Philippines,1979,0,2021.6187,-2021.6187
Philippines,1980,0,2987.7743,-2987.7743
Philippines,1981,0,2595.4474,-2595.4474
Philippines,1982,0,3323.9602,-3323.9602
Philippines,1983,0,3252.4209,-3252.4209
Philippines,1984,0,4376.1126,-4376.1126
Philippines,1985,0,1189.3769,-1189.3769
Philippines,1986,0,3267.794,-3267.794
Philippines,1987,0,2718.3537,-2718.3537
Philippines,1988,0,3943.3643,-3943.3643
Philippines,1989,0,5686.5909,-5686.5909
Philippines,1990,0,5903.3804,-5903.3804
Philippines,1991,0,4888.708,-4888.708
Philippines,1992,0,3933.3467,-3933.3467
Philippines,1993,0,3439.3692,-3439.3692
Philippines,1994,0,4990.9783,-4990.9783
Philippines,1995,0,4221.7242,-4221.7242
Philippines,1996,0,3634.7902,-3634.7902
Philippines,1997,0,4044.7026,-4044.7026
Philippines,1998,0,6808.0937,-6808.0937
Philippines,1999,0,4810.0065,-4810.0065
Philippines,2000,0,3058.5117,-3058.5117
Philippines,2001,0,2808.0653,-2808.0653
Philippines,2002,0,2198.2654,-2198.2654
Philippines,2003,0,1317.4456,-1317.4456
Philippines,2004,0,1410.9732,-1410.9732
Philippines,2005,0,1048.8158,-1048.8158
Philippines,2006,0,2377.1878,-2377.1878
Philippines,2007,0,4917.6172,-4917.6172
Philippines,2008,0,2699.204,-2699.204
Philippines,2009,0,3774.3872,-3774.3872
Philippines,2010,0,2744.2114,-2744.2114
Philippines,2011,0,2282.5188,-2282.5188
Philippines,2012,0,2338.4243,-2338.4243
Philippines,2013,0,3374.717,-3374.717
Poland,1980,0,75.0005,-75.0005
Poland,1981,0,0.0354,-0.0354
Poland,1982,0,0.0703,-0.0703
Poland,1983,0,0.0633,-0.0633
Poland,1985,0,1014.2592,-1014.2592
Poland,1986,0,7.2046,-7.2046
Poland,1988,0,11.4648,-11.4648
Poland,1989,0,2635.6819,-2635.6819
Poland,1990,0,5556.8657,-5556.8657
Poland,1991,0,3750.3365,-3750.3365
Poland,1992,0,10529.6925,-10529.6925
Poland,1993,0,3100.0862,-3100.0862
Poland,1994,0,1941.0303,-1941.0303
Poland,1995,0,3821.2835,-3821.2835
Poland,1996,0,1008.3171,-1008.3171
Poland,1997,0,1655.9948,-1655.9948
Poland,1998,0,927.3601,-927.3601
Poland,1999,0,1325.6528,-1325.6528
Poland,2000,0,2545.167,-2545.167
Poland,2001,0,4957.8358,-4957.8358
Poland,2002,0,4109.0248,-4109.0248
Poland,2003,0,3084.6838,-3084.6838
Poland,2004,0,1385.0801,-1385.0801
Poland,2005,0,625.7095,-625.7095
Poland,2006,0,666.2389,-666.2389
Poland,2007,0,358.3262,-358.3262
Poland,2008,0,1306.3874,-1306.3874
Poland,2009,0,11380.6109,-11380.6109
Poland,2010,0,10978.9301,-10978.9301
Poland,2011,0,13207.1321,-13207.1321
Poland,2013,136.9074,0,136.9074
Russia,1990,0,0.3197,-0.3197
Russia,1991,0,5.6468,-5.6468
Russia,1992,0,2375.6923,-2375.6923
Russia,1993,0,9661.1825,-9661.1825
Russia,1994,0,11519.6074,-11519.6074
Russia,1995,0,13516.6698,-13516.6698
Russia,1996,0,19162.4111,-19162.4111
Russia,1997,0,15645.5662,-15645.5662
Russia,1998,0,11949.3684,-11949.3684
Russia,1999,0,7510.0994,-7510.0994
Russia,2000,0,9075.1033,-9075.1033
Russia,2001,0,3781.1181,-3781.1181
Russia,2002,0,4904.1162,-4904.1162
Russia,2003,0,3770.4663,-3770.4663
Russia,2004,0,4188.0842,-4188.0842
Russia,2005,0,2299.8032,-2299.8032
Russia,2006,0,2795.0416,-2795.0416
Russia,2007,0,3025.3541,-3025.3541
Russia,2008,0,411.6298,-411.6298
Russia,2009,0,28.6723,-28.6723
Russia,2010,0,184.8527,-184.8527
Russia,2011,0,565,-565
Russia,9999,0,5.55,-5.55
Saudi Arabia,1973,0,0.0651,-0.0651
Saudi Arabia,1975,1682.2665,0,1682.2665
Saudi Arabia,1976,1086.627,0,1086.627
Saudi Arabia,1977,4051.8375,0,4051.8375
Saudi Arabia,1978,2714.7099,0.6229,2714.087
Saudi Arabia,1979,1304.7859,12.0142,1292.7717
Saudi Arabia,1980,1092.7059,120.3755,972.3304
Saudi Arabia,1981,1270.0349,409.5481,860.4869
Saudi Arabia,1982,2180.7624,197.0839,1983.6785
Saudi Arabia,1983,1159.1974,206.7458,952.4517
Saudi Arabia,1984,1069.1627,59.2011,1009.9616
Saudi Arabia,1985,1026.6533,35.5296,991.1237
Saudi Arabia,1986,668.3298,38.7404,629.5894
Saudi Arabia,1987,330.6704,27.4587,303.2116
Saudi Arabia,1988,116.2396,42.4318,73.8078
Saudi Arabia,1989,391.7031,0,391.7031
Saudi Arabia,1990,327.9725,0.1143,327.8582
Saudi Arabia,1991,37.5857,89.9,-52.3143
Saudi Arabia,1992,152.4926,148.4796,4.013
Saudi Arabia,1993,242.8518,0.4304,242.4214
Saudi Arabia,1994,485.8593,5.6828,480.1765
Saudi Arabia,1995,148.081,7.3979,140.6831
Saudi Arabia,1996,79.2327,2.7987,76.4341
Saudi Arabia,1997,28.3654,2.4674,25.898
Saudi Arabia,1998,91.8068,1.671,90.1358
Saudi Arabia,1999,114.1776,2737.9459,-2623.7683
Saudi Arabia,2000,82.7713,711.4268,-628.6555
Saudi Arabia,2001,462.9696,5.0538,457.9158
Saudi Arabia,2002,530.4355,13.6774,516.7581
Saudi Arabia,2003,306.2423,9.5365,296.7058
Saudi Arabia,2004,238.7323,92.9632,145.7692
Saudi Arabia,2005,260.2084,12.9912,247.2172
Saudi Arabia,2006,573.1377,15.1462,557.9915
Saudi Arabia,2007,339.675,16.9699,322.7051
Saudi Arabia,2008,325.5531,149.2183,176.3349
Saudi Arabia,2009,512.4131,0.3272,512.0859
Saudi Arabia,2010,692.9484,0.3525,692.5959
Saudi Arabia,2011,638,1.7107,636.2893
Spain,1963,0,245.3723,-245.3723
Spain,1964,0,472.2892,-472.2892
Spain,1965,0,285.0813,-285.0813
Spain,1967,0,356.7291,-356.7291
Spain,1969,0,169.0406,-169.0406
Spain,1970,0,77.5578,-77.5578
Spain,1971,0,626.4883,-626.4883
Spain,1972,0,272.8974,-272.8974
Spain,1973,0,246.6055,-246.6055
Spain,1975,0,129.4399,-129.4399
Spain,1977,0,62.6816,-62.6816
Spain,1980,0,285.0269,-285.0269
Spain,1981,0,199.4574,-199.4574
Spain,1982,0,77.2276,-77.2276
Spain,1983,0,1.0628,-1.0628
Spain,1988,284.4162,0,284.4162
Spain,1989,1227.8356,0.648,1227.1876
Spain,1990,953.9584,0,953.9584
Spain,1991,1783.7998,0,1783.7998
Spain,1992,1365.9588,0,1365.9588
Spain,1993,798.6362,0,798.6362
Spain,1994,492.0305,0,492.0305
Spain,1995,532.5632,0,532.5632
Spain,1996,629.2824,0,629.2824
Spain,1997,1350.2222,0,1350.2222
Spain,1998,1931.5127,0,1931.5127
Spain,1999,1992.5954,0,1992.5954
Spain,2000,2048.1677,0,2048.1677
Spain,2001,2545.3833,0,2545.3833
Spain,2002,2169.5177,0,2169.5177
Spain,2003,2235.9152,0,2235.9152
Spain,2004,1902.6956,0,1902.6956
Spain,2005,2407.3252,0,2407.3252
Spain,2006,3190.8548,0,3190.8548
Spain,2007,3985.9119,0,3985.9119
Spain,2008,4778.4289,0,4778.4289
Spain,2009,4464.9037,0,4464.9037
Spain,2010,5056.3463,0,5056.3463
Spain,2011,2647.4796,9.1716,2638.308
Spain,2012,1230.7169,0,1230.7169
Spain,2013,1048.7055,0,1048.7055
Sweden,1973,875.586,0,875.586
Sweden,1974,1515.8349,0,1515.8349
Sweden,1975,1262.5255,0,1262.5255
Sweden,1976,954.1523,0,954.1523
Sweden,1977,1283.7989,0,1283.7989
Sweden,1978,1259.6277,0,1259.6277
Sweden,1979,1406.1804,0,1406.1804
Sweden,1980,878.7125,35.2827,843.4298
Sweden,1981,1401.8902,24.4745,1377.4157
Sweden,1982,1501.0514,0,1501.0514
Sweden,1983,1463.1147,0,1463.1147
Sweden,1984,1479.5002,0,1479.5002
Sweden,1985,1386.7579,0,1386.7579
Sweden,1986,1578.9537,0,1578.9537
Sweden,1987,2102.7505,0,2102.7505
Sweden,1988,3129.917,0,3129.917
Sweden,1989,5761.0084,0,5761.0084
Sweden,1990,3328.3948,0,3328.3948
Sweden,1991,2262.2446,0,2262.2446
Sweden,1992,2712.1805,0,2712.1805
Sweden,1993,1654.7855,0,1654.7855
Sweden,1994,1885.5325,0,1885.5325
Sweden,1995,1640.6708,0,1640.6708
Sweden,1996,1362.5072,0,1362.5072
Sweden,1997,1649.37,0,1649.37
Sweden,1998,1694.557,0,1694.557
Sweden,1999,1655.1854,0,1655.1854
Sweden,2000,1775.8015,0,1775.8015
Sweden,2001,1859.5937,0,1859.5937
Sweden,2002,1965.2878,0,1965.2878
Sweden,2003,2938.0089,0,2938.0089
Sweden,2004,2722.3712,0,2722.3712
Sweden,2005,3483.1273,0,3483.1273
Sweden,2006,3839.7138,0,3839.7138
Sweden,2007,2600.5847,0,2600.5847
Sweden,2008,2852.0687,0,2852.0687
Sweden,2009,3944.9713,0,3944.9713
Sweden,2010,3386.0187,0,3386.0187
Sweden,2011,3186.2367,0,3186.2367
Sweden,2012,3288.8505,0,3288.8505
Sweden,2013,4062.156,0,4062.156
Switzerland,1973,145.0845,0,145.0845
Switzerland,1974,340.7427,0,340.7427
Switzerland,1975,351.7968,0,351.7968
Switzerland,1976,425.283,0,425.283
Switzerland,1977,584.8006,0,584.8006
Switzerland,1978,520.4848,0,520.4848
Switzerland,1979,524.2775,0,524.2775
Switzerland,1980,274.0901,0,274.0901
Switzerland,1981,839.8372,0,839.8372
Switzerland,1982,541.2713,0,541.2713
Switzerland,1983,833.2063,0,833.2063
Switzerland,1984,487.2606,0,487.2606
Switzerland,1985,1026.8549,0,1026.8549
Switzerland,1986,673.6845,0,673.6845
Switzerland,1987,827.7037,0,827.7037
Switzerland,1988,821.2019,0,821.2019
Switzerland,1989,936.1407,0,936.1407
Switzerland,1990,1070.1843,0,1070.1843
Switzerland,1991,1365.8046,0,1365.8046
Switzerland,1992,1068.0321,0,1068.0321
Switzerland,1993,779.2073,0,779.2073
Switzerland,1994,1661.0692,0,1661.0692
Switzerland,1995,1160.871,0,1160.871
Switzerland,1996,898.6905,0,898.6905
Switzerland,1997,979.2485,0,979.2485
Switzerland,1998,947.5824,0,947.5824
Switzerland,1999,1805.324,0,1805.324
Switzerland,2000,1614.6566,0.1848,1614.4717
Switzerland,2001,1602.2331,0,1602.2331
Switzerland,2002,1603.7426,0.025,1603.7176
Switzerland,2003,1564.0632,0.0195,1564.0437
Switzerland,2004,1965.4807,0,1965.4807
Switzerland,2005,2134.7277,0.0975,2134.6302
Switzerland,2006,1856.6835,0,1856.6835
Switzerland,2007,2124.2763,0,2124.2763
Switzerland,2008,2095.4384,0,2095.4384
Switzerland,2009,2126.0139,0,2126.0139
Switzerland,2010,2248.7644,0,2248.7644
Switzerland,2011,2722.4956,0,2722.4956
Switzerland,2012,2684.6317,0,2684.6317
Switzerland,2013,3573.8521,0,3573.8521
Tanzania,1963,0,34.2034,-34.2034
Tanzania,1964,0,101.7238,-101.7238
Tanzania,1965,0,0.7127,-0.7127
Tanzania,1966,0,35.0868,-35.0868
Tanzania,1967,0,37.8133,-37.8133
Tanzania,1968,0,29.3617,-29.3617
Tanzania,1969,0,186.6208,-186.6208
Tanzania,1970,0,253.3556,-253.3556
Tanzania,1971,0,78.0823,-78.0823
Tanzania,1972,0,59.4916,-59.4916
Tanzania,1973,0,712.2461,-712.2461
Tanzania,1974,0,1378.2859,-1378.2859
Tanzania,1975,0,1027.5443,-1027.5443
Tanzania,1976,0,852.377,-852.377
Tanzania,1977,0,1542.3484,-1542.3484
Tanzania,1978,0,1873.6922,-1873.6922
Tanzania,1979,0,1964.6242,-1964.6242
Tanzania,1980,0,1779.4914,-1779.4914
Tanzania,1981,0,1541.0775,-1541.0775
Tanzania,1982,0,1641.4742,-1641.4742
Tanzania,1983,0,1131.6591,-1131.6591
Tanzania,1984,0,1281.1092,-1281.1092
Tanzania,1985,0,919.7476,-919.7476
Tanzania,1986,0,1790.1082,-1790.1082
Tanzania,1987,0,2452.9968,-2452.9968
Tanzania,1988,0,1589.282,-1589.282
Tanzania,1989,0,2169.7285,-2169.7285
Tanzania,1990,0,2227.5602,-2227.5602
Tanzania,1991,0,2394.5264,-2394.5264
Tanzania,1992,0,1662.4526,-1662.4526
Tanzania,1993,0,2094.97,-2094.97
Tanzania,1994,0,1060.6212,-1060.6212
Tanzania,1995,0,839.9098,-839.9098
Tanzania,1996,0,1052.2972,-1052.2972
Tanzania,1997,0,1677.1298,-1677.1298
Tanzania,1998,0,1529.6055,-1529.6055
Tanzania,1999,0,1462.4082,-1462.4082
Tanzania,2000,0,2738.7863,-2738.7863
Tanzania,2001,0,2724.4617,-2724.4617
Tanzania,2002,0,2041.757,-2041.757
Tanzania,2003,0,2195.0795,-2195.0795
Tanzania,2004,0,2728.3151,-2728.3151
Tanzania,2005,0,2378.0829,-2378.0829
Tanzania,2006,0,3085.3794,-3085.3794
Tanzania,2007,0,3336.91,-3336.91
Tanzania,2008,0,3201.5791,-3201.5791
Tanzania,2009,0,5229.8816,-5229.8816
Tanzania,2010,0,2980.9959,-2980.9959
Tanzania,2011,0,2368.5475,-2368.5475
Tanzania,2012,0,2593.1345,-2593.1345
Tanzania,2013,0,3524.141,-3524.141
Tanzania,9999,0,3.2,-3.2
Thailand,1950,0,206.0009,-206.0009
Thailand,1955,0,97.3233,-97.3233
Thailand,1956,0,27.5749,-27.5749
Thailand,1957,0,535.278,-535.278
Thailand,1961,0,175.9624,-175.9624
Thailand,1962,0,69.1706,-69.1706
Thailand,1963,0,309.3178,-309.3178
Thailand,1964,0,178.0167,-178.0167
Thailand,1965,0,42.7622,-42.7622
Thailand,1966,0,294.7289,-294.7289
Thailand,1967,0,221.172,-221.172
Thailand,1968,0,232.1621,-232.1621
Thailand,1969,0,225.0606,-225.0606
Thailand,1970,0,505.6771,-505.6771
Thailand,1971,0,274.508,-274.508
Thailand,1972,0,567.6267,-567.6267
Thailand,1973,0,906.7231,-906.7231
Thailand,1974,0,1468.447,-1468.447
Thailand,1975,0,1011.0422,-1011.0422
Thailand,1976,0,978.5201,-978.5201
Thailand,1977,0,1386.0982,-1386.0982
Thailand,1978,0,2632.908,-2632.908
Thailand,1979,0,3044.5329,-3044.5329
Thailand,1980,0,2360.8489,-2360.8489
Thailand,1981,0,2486.492,-2486.492
Thailand,1982,0,3735.2185,-3735.2185
Thailand,1983,0,2828.0608,-2828.0608
Thailand,1984,0,2250.7805,-2250.7805
Thailand,1985,0,3089.1501,-3089.1501
Thailand,1986,0,1751.8821,-1751.8821
Thailand,1987,0,1341.8457,-1341.8457
Thailand,1988,0,1848.5673,-1848.5673
Thailand,1989,0,1231.6364,-1231.6364
Thailand,1990,0,2463.6165,-2463.6165
Thailand,1991,0,2551.0304,-2551.0304
Thailand,1992,0,2092.9612,-2092.9612
Thailand,1993,0,5195.5912,-5195.5912
Thailand,1994,0,2600.9099,-2600.9099
Thailand,1995,0,2108.3962,-2108.3962
Thailand,1996,0,3802.6631,-3802.6631
Thailand,1997,0,11426.6407,-11426.6407
Thailand,1998,0,5561.7056,-5561.7056
Thailand,1999,0,5847.7815,-5847.7815
Thailand,2000,0,1993.7523,-1993.7523
Thailand,2001,0,922.8062,-922.8062
Thailand,2002,0,1287.8601,-1287.8601
Thailand,2003,0,713.1998,-713.1998
Thailand,2004,0,754.2333,-754.2333
Thailand,2005,0,786.6056,-786.6056
Thailand,2006,0,515.5357,-515.5357
Thailand,2007,14.491,286.5411,-272.0501
Thailand,2008,4.3406,960.147,-955.8064
Thailand,2009,7.8852,1212.545,-1204.6598
Thailand,2010,5.1395,2281.4084,-2276.2689
Thailand,2011,0,408.6101,-408.6101
Thailand,2012,0,363.585,-363.585
Thailand,2013,0,383.1989,-383.1989
Turkey,1950,0,206.0009,-206.0009
Turkey,1952,0,204.3789,-204.3789
Turkey,1953,0,72.9925,-72.9925
Turkey,1954,0,30.819,-30.819
Turkey,1962,0,38.4281,-38.4281
Turkey,1963,0,161.3509,-161.3509
Turkey,1964,0,210.7136,-210.7136
Turkey,1965,0,71.2703,-71.2703
Turkey,1966,0,175.4338,-175.4338
Turkey,1968,0,170.7074,-170.7074
Turkey,1969,0,409.0782,-409.0782
Turkey,1970,0,258.5261,-258.5261
Turkey,1971,0,451.4132,-451.4132
Turkey,1972,0,1164.1805,-1164.1805
Turkey,1973,0,1215.8056,-1215.8056
Turkey,1974,0,1276.3696,-1276.3696
Turkey,1975,0,935.2811,-935.2811
Turkey,1976,0,1362.697,-1362.697
Turkey,1977,0,724.875,-724.875
Turkey,1978,0,1616.2457,-1616.2457
Turkey,1979,0,2929.2396,-2929.2396
Turkey,1980,0,4040.0813,-4040.0813
Turkey,1981,0,4302.4365,-4302.4365
Turkey,1982,0,2725.6059,-2725.6059
Turkey,1983,0,3177.2877,-3177.2877
Turkey,1984,0,4958.2658,-4958.2658
Turkey,1985,0,3216.6976,-3216.6976
Turkey,1986,0,4094.2368,-4094.2368
Turkey,1987,0,3437.9599,-3437.9599
Turkey,1988,0,2930.9247,-2930.9247
Turkey,1989,0,3008.9938,-3008.9938
Turkey,1990,0,1301.1605,-1301.1605
Turkey,1991,0,3876.616,-3876.616
Turkey,1992,0,1909.3708,-1909.3708
Turkey,1993,0,1793.4021,-1793.4021
Turkey,1994,0,1527.5727,-1527.5727
Turkey,1995,0,1948.4617,-1948.4617
Turkey,1996,0,1968.2425,-1968.2425
Turkey,1997,0,1285.2067,-1285.2067
Turkey,1998,0,3064.9137,-3064.9137
Turkey,1999,0,21613.5086,-21613.5086
Turkey,2000,0,36974.677,-36974.677
Turkey,2001,0,5592.6974,-5592.6974
Turkey,2002,0,31346.7233,-31346.7233
Turkey,2003,0,2932.5974,-2932.5974
Turkey,2004,0,2659.7527,-2659.7527
Turkey,2005,0,11746.476,-11746.476
Turkey,2006,0,5660.2488,-5660.2488
Turkey,2007,0,5590.6697,-5590.6697
Turkey,2008,0,4030.6588,-4030.6588
Turkey,2009,0,3389.1117,-3389.1117
Turkey,2010,0,5062.9612,-5062.9612
Turkey,2011,0,4313.2044,-4313.2044
Turkey,2012,0,5119.5069,-5119.5069
Turkey,2013,0,8345.4127,-8345.4127
United Arab Emirates,1972,65.3703,0,65.3703
United Arab Emirates,1973,72.0421,0.0651,71.977
United Arab Emirates,1974,870.1136,0,870.1136
United Arab Emirates,1975,369.5329,0,369.5329
United Arab Emirates,1976,1037.8383,0,1037.8383
United Arab Emirates,1977,1124.0487,3.5993,1120.4494
United Arab Emirates,1978,816.6409,45.9921,770.6487
United Arab Emirates,1979,310.233,0,310.233
United Arab Emirates,1980,771.6978,0.1747,771.523
United Arab Emirates,1981,196.9781,1.8133,195.1648
United Arab Emirates,1982,408.6386,0.9366,407.702
United Arab Emirates,1983,141.7709,0.5985,141.1723
United Arab Emirates,1984,356.0199,14.1264,341.8936
United Arab Emirates,1985,103.2266,149.7457,-46.5191
United Arab Emirates,1986,143.7288,0,143.7288
United Arab Emirates,1987,239.2439,131.7603,107.4836
United Arab Emirates,1988,333.3659,0,333.3659
United Arab Emirates,1989,0,0.3559,-0.3559
United Arab Emirates,1993,153.7036,17.7374,135.9662
United Arab Emirates,1994,0,10.1779,-10.1779
United Arab Emirates,1995,0,1.58,-1.58
United Arab Emirates,1996,0,1.0798,-1.0798
United Arab Emirates,1997,0,1.1538,-1.1538
United Arab Emirates,1998,8.1287,7.1013,1.0274
United Arab Emirates,1999,422.3416,1.6238,420.7178
United Arab Emirates,2000,195.211,0.6289,194.5821
United Arab Emirates,2001,636.1411,2.3679,633.7733
United Arab Emirates,2002,774.1781,1.7903,772.3878
United Arab Emirates,2003,173.6299,7.8427,165.7872
United Arab Emirates,2004,62.4646,7.0916,55.373
United Arab Emirates,2005,0,12.1478,-12.1478
United Arab Emirates,2007,519.7054,3.6221,516.0833
United Arab Emirates,2008,322.1523,0.4976,321.6547
United Arab Emirates,2009,1443.9866,0,1443.9866
United Arab Emirates,2010,1258.6051,0,1258.6051
United Arab Emirates,2011,755.892,0,755.892
United Arab Emirates,2012,2332.1548,0,2332.1548
United Arab Emirates,2013,7447.7928,0,7447.7928
United Kingdom,1973,2466.3013,0,2466.3013
United Kingdom,1974,3064.2061,0,3064.2061
United Kingdom,1975,672.8582,0,672.8582
United Kingdom,1976,1653.3748,0,1653.3748
United Kingdom,1977,1934.3769,0,1934.3769
United Kingdom,1978,6442.8483,0,6442.8483
United Kingdom,1979,1910.6754,0,1910.6754
United Kingdom,1980,2038.5045,399.2026,1639.3019
United Kingdom,1981,952.9021,558.1414,394.7607
United Kingdom,1982,1732.8534,0,1732.8534
United Kingdom,1983,1590.8882,0,1590.8882
United Kingdom,1984,1819.3261,0,1819.3261
United Kingdom,1985,1054.0079,0,1054.0079
United Kingdom,1986,1537.081,0,1537.081
United Kingdom,1987,3325.4293,0,3325.4293
United Kingdom,1988,2138.3487,0,2138.3487
United Kingdom,1989,1947.8819,0,1947.8819
United Kingdom,1990,1605.6137,0,1605.6137
United Kingdom,1991,1697.981,0,1697.981
United Kingdom,1992,3783.7871,27.4026,3756.3845
United Kingdom,1993,1503.2465,1.0913,1502.1552
United Kingdom,1994,1642.2387,0,1642.2387
United Kingdom,1995,2442.2286,0,2442.2286
United Kingdom,1996,3154.0749,0.5706,3153.5044
United Kingdom,1997,2890.7587,0.4677,2890.291
United Kingdom,1998,5523.6288,0.9048,5522.724
United Kingdom,1999,4215.979,0.2262,4215.7528
United Kingdom,2000,7270.7044,0.312,7270.3924
United Kingdom,2001,4181.9873,0,4181.9873
United Kingdom,2002,4952.7383,0,4952.7383
United Kingdom,2003,5580.8344,0.6428,5580.1916
United Kingdom,2004,5476.8937,0.326,5476.5677
United Kingdom,2005,10159.1817,0,10159.1817
United Kingdom,2006,10293.8646,0,10293.8646
United Kingdom,2007,5044.3942,0,5044.3942
United Kingdom,2008,7342.1478,0,7342.1478
United Kingdom,2009,12088.0662,0,12088.0662
United Kingdom,2010,5437.9848,0,5437.9848
United Kingdom,2011,3941.8014,0,3941.8014
United Kingdom,2012,5731.2316,0,5731.2316
United Kingdom,2013,6534.8858,0,6534.8858
United States,1973,6188.9591,0,6188.9591
United States,1974,5136.5777,0,5136.5777
United States,1975,6075.5686,0,6075.5686
United States,1976,8713.0841,0,8713.0841
United States,1977,5856.248,0,5856.248
United States,1978,5958.2568,0,5958.2568
United States,1979,5572.1496,0,5572.1496
United States,1980,21152.827,0,21152.827
United States,1981,22139.0762,0,22139.0762
United States,1982,18731.4787,0.2641,18731.2146
United States,1983,16217.2116,2.6571,16214.5546
United States,1984,17185.7916,0,17185.7916
United States,1985,18650.8589,2.6971,18648.1618
United States,1986,16412.6777,0,16412.6777
United States,1987,15157.165,0,15157.165
United States,1988,13609.639,0.5856,13609.0534
United States,1989,12921.1968,0.6261,12920.5707
United States,1990,15339.8158,0.1633,15339.6525
United States,1991,27890.4099,0,27890.4099
United States,1992,23978.8871,0.8082,23978.0789
United States,1993,20029.6901,0.9683,20028.7217
United States,1994,26317.1309,0,26317.1309
United States,1995,24069.1394,0.8211,24068.3183
United States,1996,26372.0769,6.6986,26365.3783
United States,1997,22247.1984,2.7787,22244.4196
United States,1998,19596.3246,79.8717,19516.453
United States,1999,33370.664,70.8089,33299.8551
United States,2000,28539.1119,134.3949,28404.7169
United States,2001,22230.2171,79.3622,22150.8549
United States,2002,25909.214,110.2646,25798.9494
United States,2003,27093.1892,73.7309,27019.4582
United States,2004,30443.8219,27.3872,30416.4347
United States,2005,31983.0146,6.0715,31976.9432
United States,2006,27245.5967,0.3263,27245.2704
United States,2007,26698.389,147.5733,26550.8157
United States,2008,33329.5309,22.5102,33307.0207
United States,2009,31526.9257,127.6652,31399.2605
United States,2010,34093.0795,15.9796,34077.0999
United States,2011,29593.7062,170.8373,29422.8689
United States,2012,25297.2181,0,25297.2181
United States,2013,29177.4375,0,29177.4375
Viet Nam,1973,0,201.8636,-201.8636
Viet Nam,1974,0,868.8351,-868.8351
Viet Nam,1975,0,713.7393,-713.7393
Viet Nam,1976,0,527.4347,-527.4347
Viet Nam,1977,0,618.1493,-618.1493
Viet Nam,1978,0,751.7044,-751.7044
Viet Nam,1979,0,542.2681,-542.2681
Viet Nam,1980,0,407.1116,-407.1116
Viet Nam,1981,0,202.3247,-202.3247
Viet Nam,1982,0,180.5189,-180.5189
Viet Nam,1983,0,158.7497,-158.7497
Viet Nam,1984,0,194.3946,-194.3946
Viet Nam,1985,0,108.1113,-108.1113
Viet Nam,1986,0,148.7934,-148.7934
Viet Nam,1987,0,116.4103,-116.4103
Viet Nam,1988,0,55.3942,-55.3942
Viet Nam,1989,0,101.6211,-101.6211
Viet Nam,1990,0,207.5598,-207.5598
Viet Nam,1991,0,323.5451,-323.5451
Viet Nam,1992,0,705.2221,-705.2221
Viet Nam,1993,0,1315.9292,-1315.9292
Viet Nam,1994,0,2438.9643,-2438.9643
Viet Nam,1995,0,2027.8737,-2027.8737
Viet Nam,1996,0,3342.9942,-3342.9942
Viet Nam,1997,0,3107.3488,-3107.3488
Viet Nam,1998,0,2945.0398,-2945.0398
Viet Nam,1999,0,2726.1388,-2726.1388
Viet Nam,2000,0,2580.6008,-2580.6008
Viet Nam,2001,0,4061.9675,-4061.9675
Viet Nam,2002,0,2978.5903,-2978.5903
Viet Nam,2003,0,3049.2688,-3049.2688
Viet Nam,2004,0,3895.9299,-3895.9299
Viet Nam,2005,0,3988.0342,-3988.0342
Viet Nam,2006,0,4665.7393,-4665.7393
Viet Nam,2007,0,5574.8761,-5574.8761
Viet Nam,2008,0,5174.0464,-5174.0464
Viet Nam,2009,0,8545.7442,-8545.7442
Viet Nam,2010,0,5815.9157,-5815.9157
Viet Nam,2011,0,8992.2105,-8992.2105
Viet Nam,2012,0,5212.39,-5212.39
Viet Nam,2013,0,7937.7856,-7937.7856